Catalog#,Artist,Title,Label,Format,Rating,Released,release_id,CollectionFolder,Date Added,Collection Media Condition,Collection Sleeve Condition,Collection Notes
DIX 32,Maxi Priest,Intentions,10 Records,"LP, Album",,0,14987088,Uncategorized,2025-12-02 11:30:17,,,
"DIX 82, Dix 82",Soul II Soul,Club Classics Vol. One,"10 Records, 10 Records","LP, Album",,1989,108131,Uncategorized,2024-06-22 22:14:50,,,
"DIX 90, 210 705",Soul II Soul,Vol. II (1990 - A New Decade),"10 Records, 10 Records","LP, Album",,1990,84698,Uncategorized,2024-06-22 22:52:47,,,
"9362496277, 9362-49627-7",Michael Bublé,Crazy Love (Hollywood Edition),"143 Records, 143 Records, Reprise Records, Reprise Records","CD, Album + CD + Dlx",,2010,2671256,Uncategorized,2024-06-26 00:48:04,,,
9362-48535-2,Michael Bublé,Michael Bublé,"143 Records, Reprise Records","CD, Album, Enh",,2003,4393824,Uncategorized,2024-06-26 00:47:49,,,
9362-49998-7,Michael Bublé,Call Me Irresponsible,"143 Records, Reprise Records","CD, Album, Dig",,2007,4413375,Uncategorized,2024-06-26 00:48:18,,,
825646333929,Ray Lamontagne,Trouble,"14th Floor Records, Echo","CD, Album",,2004,888713,Uncategorized,2025-10-05 12:05:52,,,
88697296602,Jordin Sparks,Jordin Sparks,"19 Recordings, Jive, Zomba Label Group, Sony BMG Music Entertainment","CD, Album",,2008,1674262,Uncategorized,2026-02-10 04:16:20,,,
8287652247-2,Annie Lennox,Bare,"19 Recordings, RCA, BMG","CD, Album, Copy Prot. + DVD-V, PAL + Ltd",,2003,213052,Uncategorized,2025-10-22 12:31:04,,,
88697588212,Will Young,The Hits,"19 Recordings, RCA, Sony Music","CD, Comp + DVD-V, NTSC, Reg",,2009,2998287,Uncategorized,2024-06-26 00:44:29,,,
74321 969592,Will Young,From Now On,"19 Recordings, S Records, RCA, BMG UK & Ireland","CD, Album, Enh",,2002,14383404,Uncategorized,2024-06-26 00:44:04,,,
82876557462,Will Young,Friday's Child,"19 Recordings, S Records, RCA, BMG UK & Ireland","CD, Album, Copy Prot., Inf",,2003,20083795,Uncategorized,2024-06-26 00:44:41,,,
82876749552,Will Young,Keep On,"19 Recordings, Sony BMG Music Entertainment","Hybrid, DualDisc, Album",,2005,3275884,Uncategorized,2025-10-05 12:00:30,,,
T-618,The Dells,I Touched A Dream,20th Century Fox Records,"LP, Album, Ind",,1980,1391070,Uncategorized,2026-03-27 13:39:28,,,
T-700,Stephanie Mills,Stephanie,20th Century Fox Records,"LP, Album, Gat",,1981,660125,Uncategorized,2025-12-02 12:45:07,,,
"T 583, T-583",Stephanie Mills,What Cha Gonna Do With My Lovin',"20th Century Fox Records, 20th Century Fox Records","LP, Album",,1979,5429033,Uncategorized,2025-12-02 12:43:02,,,
BT 444,Barry White,Can't Get Enough,20th Century Records,"LP, Album",,1974,458038,Uncategorized,2025-12-02 11:21:35,,,
BTH 8000,Barry White,Greatest Hits,20th Century Records,"LP, Comp",,1975,414402,Uncategorized,2025-12-02 11:39:29,,,
BRLP 503,Cashmere (2),Cashmere,4th & Broadway,"LP, Album",,1985,522822,Uncategorized,2025-12-03 11:57:05,,,
BRLP 518,Will Downing,Will Downing,4th & Broadway,"LP, Album",,1988,21249088,Uncategorized,2026-01-06 07:30:27,,,
BRLP 525,Mica Paris,So Good,4th & Broadway,"LP, Album",,1988,1823263,Uncategorized,2025-12-02 11:41:23,,,
"679L070CD, 2564615342",The Streets,A Grand Don't Come For Free,"679, 679, Locked On, Locked On","CD, Album, RE",,0,15627832,Uncategorized,2026-05-05 09:51:26,,,
5051865847120,Plan B (4),The Defamation Of Strickland Banks,"679, Atlantic","CD, Album",,2010,2333872,Uncategorized,2026-06-11 09:54:14,,,
540 034-2,Dina Carroll,So Close,"A&M PM, A&M Records, 1st Avenue Records","CD, Album",,1993,7406774,Uncategorized,2026-04-16 02:01:42,,,
0602498869284,Supertramp,Retrospectacle (The Supertramp Anthology),A&M Records,"2xCD, Comp",,2005,6046537,Uncategorized,2026-04-16 09:45:10,,,
AMA 5019,Atlantic Starr,As The Band Turns,A&M Records,"LP, Album",,1985,1010701,Uncategorized,2025-12-02 11:56:48,,,
AMA 5106,Janet Jackson,Control,A&M Records,"LP, Album",,1986,339019,Uncategorized,2025-12-02 11:56:22,,,
AMA 5141,Atlantic Starr,Secret Lovers...The Best Of Atlantic Starr,A&M Records,"LP, Comp",,1986,2628363,Uncategorized,2025-10-05 08:37:32,,,
AMLB 1021,Ike & Tina Turner,River Deep ~ Mountain High,A&M Records,"LP, Album, RE",,1970,6443963,Uncategorized,2024-06-23 00:26:23,,,
AMLH 63501,Burt Bacharach,Burt Bacharach,A&M Records,"LP, Album",,1971,1280772,Uncategorized,2024-06-23 00:50:44,,,
AMLH 64622,Burt Bacharach,Futures,A&M Records,"LP, Album",,1977,5593498,Uncategorized,2024-06-23 00:58:20,,,
AMLH 64761,Various,The Warriors (The Original Motion Picture Soundtrack),A&M Records,"LP, Album",,1979,5510377,Uncategorized,2026-04-28 15:32:10,Near Mint (NM or M-),Very Good Plus (VG+),
AMLH 64809,Joan Armatrading,Me Myself I,A&M Records,"LP, Album",,1980,15459435,Uncategorized,2024-06-22 23:12:34,,,
AMLH 64831,The Police,Zenyatta Mondatta,A&M Records,"LP, Album",,1980,371546,Uncategorized,2024-06-22 22:14:03,,,
AMLK 63716,Brothers Johnson,Light Up The Night,A&M Records,"LP, Album, Gat",,1980,1670293,Uncategorized,2026-03-27 13:43:25,,,
AMLK 63721,Quincy Jones,The Dude,A&M Records,"LP, Album",,1981,806667,Uncategorized,2025-12-02 11:35:19,,,
AMLK 64530,Carpenters,Horizon,A&M Records,"LP, Album",,1975,435998,Uncategorized,2026-07-27 02:54:56,,,
AMLS 2010,Burt Bacharach,Portrait In Music,A&M Records,"LP, Comp, Gat",,1971,1051528,Uncategorized,2024-06-22 22:57:56,,,
DREAM 1,Sting,The Dream Of The Blue Turtles,A&M Records,"LP, Album",,1985,586972,Uncategorized,2024-06-22 23:30:04,,,
AMA 5154,Barry White,The Right Night & Barry White,"A&M Records, Breakout","LP, Album",,1987,1670007,Uncategorized,2025-12-02 12:18:31,,,
ABCD-917,Lydia Pense & Cold Blood,Lydia Pense & Cold Blood,ABC Records,"LP, Album, Pit",,1976,14753764,Uncategorized,2025-11-27 13:47:34,,,
060249807446,Sam Cooke,Portrait Of A Legend 1951-1964,ABKCO,"SACD, Hybrid, Comp, RM",,2003,10167032,Uncategorized,2025-10-05 12:05:04,,,
88697009002,George Michael,Twenty Five,"Aegean, Sony BMG Music Entertainment","2xCD, Comp",,2006,836436,Uncategorized,2024-06-26 00:38:06,,,
"515402 2, 5099751540229, 5154022000",George Michael,Patience,"Aegean, Sony Music UK, Aegean, Sony Music UK, Aegean, Sony Music UK","CD, Album, RE",,0,27991458,Uncategorized,2026-02-10 04:54:48,,,
AM006,Jeigo,Cerulean,air miles,2xLP,,2022,24594830,Uncategorized,2025-11-27 13:45:50,,,
AMU018,Various,Elvis & Friends,Air Music And Media,"2xCD, Comp",,0,20916718,Uncategorized,2026-04-02 08:21:23,,,
PCS 7088,The Beatles,Abbey Road,Apple Records,"LP, Album",,1969,2498807,Uncategorized,2026-07-19 09:49:58,,,
"PAS 10007, 0C 064 o 05503",Wings (2),Band On The Run,"Apple Records, Apple Records","LP, Album, RE, Pos",,1975,20132590,Uncategorized,2026-07-19 09:56:36,,,
"ADEP 12, ADE P 12",Elvis Presley,Elvis's 40 Greatest,"Arcade, Arcade","2xLP, Comp, Mono, Gat",,1974,10988298,Uncategorized,2026-07-17 13:14:48,,,
ADEH 70,Dr. Hook,Greatest Hits,"Arcade, Capitol Records","LP, Comp",,1980,526404,Uncategorized,2026-04-02 10:04:44,,,
 AL-8447,Kashif,Love Changes,Arista,"LP, Album",,1987,27998676,Uncategorized,2025-09-23 01:47:53,,,
07822 18646 2,Kenny G (2),Breathless,Arista,"CD, Album, RE, RP",,0,13498401,Uncategorized,2026-02-10 04:28:54,,,
07822-18699-2,Various,The Bodyguard (Original Soundtrack Album),Arista,"CD, Album",,1992,1737302,Uncategorized,2024-06-26 00:48:44,,,
204 924,Thompson Twins,Quick Step & Side Kick,Arista,"LP, Album",,1983,56312,Uncategorized,2024-06-22 22:16:35,,,
205 347,Kashif,Kashif,Arista,"LP, Album",,1983,724030,Uncategorized,2025-09-23 01:48:47,,,
206 350,Kashif,Send Me Your Love,Arista,"LP, Album",,1984,1140727,Uncategorized,2025-09-23 01:48:24,,,
206 978,Whitney Houston,Whitney Houston,Arista,"LP, Album",,1985,28605361,Uncategorized,2025-12-02 12:40:43,,,
207 426,Kashif,Condition Of The Heart,Arista,"LP, Album",,1985,1190371,Uncategorized,2025-09-23 01:49:28,,,
208 020,Aretha Franklin,Aretha,Arista,"LP, Album",,1986,1123817,Uncategorized,2025-12-02 12:46:19,,,
208 141,Whitney Houston,Whitney,Arista,"LP, Album, RP",,0,6777534,Uncategorized,2025-12-03 12:27:59,,,
208 985,Daryl Hall & John Oates,Ooh Yeah!,Arista,"LP, Album",,1988,1137383,Uncategorized,2025-12-03 12:24:04,,,
209 196,Carly Simon,Greatest Hits Live,Arista,"LP, Album",,1988,13751859,Uncategorized,2026-03-05 08:14:54,,,
210 379,Lisa Stansfield,Affection,Arista,"LP, Album",,1989,7069384,Uncategorized,2026-04-02 08:06:55,,,
74321959342,Kenny G (2),Paradise,Arista,"CD, Album, Copy Prot.",,2002,1510812,Uncategorized,2026-02-10 04:29:25,,,
ARTV 2,Barry Manilow,Manilow Magic (The Best Of Barry Manilow),Arista,"LP, Comp",,1979,1454951,Uncategorized,2024-06-22 22:54:58,,,
"205 273, 205.273",Angela Bofill,Too Tough,"Arista, Arista","LP, Album",,1983,1193152,Uncategorized,2025-12-02 12:26:53,,,
"211 953, 211 953-8",Curtis Stigers,Curtis Stigers,"Arista, Arista","LP, Album",,1992,1277300,Uncategorized,2025-12-04 11:34:37,,,
"261 953, 261953",Curtis Stigers,Curtis Stigers,"Arista, Arista","CD, Album, RE",,0,6781223,Uncategorized,2024-06-26 00:50:15,,,
82876 59671 2,Sarah McLachlan,Afterglow,"Arista, BMG, Nettwerk","CD, Album, Copy Prot., Enh + CD, EP, Copy Prot., L",,2003,398022,Uncategorized,2026-04-02 08:19:25,,,
19658702191,Whitney Houston,The Preacher's Wife (Original Soundtrack Album),"Arista, Legacy","2xLP, Album, RE, S/Edition",,2023,28955731,Uncategorized,2026-05-09 13:32:13,,,
"88697 17701 2, 88697 177012",Whitney Houston,The Ultimate Collection,"Arista, Sony Music, Nippy, Inc.","CD, Comp, RE",,0,16561611,Uncategorized,2026-05-05 09:49:27,,,
7E-1039,Eagles,One Of These Nights,Asylum Records,"LP, Album, ARC",,1975,11195655,Uncategorized,2024-06-22 22:22:02,,,
7E-1052,Eagles,Their Greatest Hits 1971-1975,Asylum Records,"LP, Album, Comp, Emb",,1976,2665875,Uncategorized,2024-09-26 06:31:16,,,
SYLA 8759,Eagles,One Of These Nights,Asylum Records,"LP, Album, Emb",,1975,21817660,Uncategorized,2024-06-22 22:34:52,,,
832 187-1,Ca$hflow,Big Money,"Atlanta Artists, Mercury","LP, Album",,1988,1643792,Uncategorized,2025-12-02 12:51:31,,,
0603497860272,Phil Collins,The Singles,Atlantic,"2xLP, Comp, RE, Gat",,2018,12110951,Uncategorized,2026-01-06 06:39:52,,,
0825646089611,Jess Glynne,I Cry When I Laugh,Atlantic,"CD, Album, Dlx, Ama",,2015,7377101,Uncategorized,2024-06-26 00:49:58,,,
2401012,Led Zeppelin,Untitled ,Atlantic,"LP, Album, Ver",,1971,5135884,Uncategorized,2026-07-17 13:02:24,,,
5052498257522,Rumer,Seasons Of My Soul,Atlantic,"CD, Album, Enh",,2010,2597023,Uncategorized,2024-06-26 00:51:26,,,
7567-82036-1,The Family Stand,Chain,Atlantic,"LP, Album",,1989,301544,Uncategorized,2026-05-05 04:23:41,,,
7567-86592-7,"Various, Benj Pasek, Justin Paul (5)",The Greatest Showman (Original Motion Picture Soundtrack),Atlantic,"CD, Album",,2017,11447524,Uncategorized,2024-06-26 00:26:08,,,
7567-92974-2,Rod Stewart,Human,Atlantic,"CD, Album",,2001,5669265,Uncategorized,2024-06-26 00:41:20,,,
781 245-1,Steve Arrington,Dancin' In The Key Of Life,Atlantic,"LP, Album",,1985,3287616,Uncategorized,2025-12-02 11:21:09,,,
781 647-1,Nu Shooz,Poolside,Atlantic,"LP, Album",,1986,5582800,Uncategorized,2025-12-03 12:12:18,,,
781 693-1,Curtis Hairston,Curtis Hairston,Atlantic,"LP, Album",,1986,2561434,Uncategorized,2026-04-16 12:06:02,,,
AMCY-2432,Led Zeppelin,Led Zeppelin II,Atlantic,"CD, Album, Promo, RE, RM, Min",,1997,15295661,Uncategorized,2025-10-05 11:49:57,,,
K 11198,Bettye Lavette,Doin' The Best That I Can,Atlantic,"12"", Ltd",,1978,1515822,Uncategorized,2024-06-22 23:15:23,,,
K 40037,Led Zeppelin,Led Zeppelin II,Atlantic,"LP, Album, RE, Gat",,1976,1930197,Uncategorized,2025-11-27 13:29:43,,,
K 50058,Average White Band,AWB,Atlantic,"LP, Album",,1974,8286425,Uncategorized,2025-12-03 12:00:32,,,
K 50678,Narada Michael Walden,The Dance Of Life,Atlantic,"LP, Album",,1979,549602,Uncategorized,2025-12-02 12:03:44,,,
SD 19237,Kleeer,I Love To Dance,Atlantic,"LP, Album, PR",,1979,103493,Uncategorized,2026-06-11 06:14:40,,,
"2401002, 2401 002",Led Zeppelin,Led Zeppelin III,"Atlantic, Atlantic","LP, Album, Gat",,1970,2019920,Uncategorized,2026-07-17 13:35:30,,,
"588198, 588 198",Led Zeppelin,Led Zeppelin II,"Atlantic, Atlantic","LP, Album, M/Print, Gat",,1969,438861,Uncategorized,2026-07-17 12:58:11,,,
"780 152-1, 780152-1",Various,Against All Odds - Music From The Original Motion Picture,"Atlantic, Atlantic","LP, Comp",,1984,1994107,Uncategorized,2024-06-23 00:34:44,,,
"781 939-1, WX 249",Ten City,Foundation,"Atlantic, Atlantic","LP, Album",,1989,579365,Uncategorized,2025-10-08 05:10:34,,,
"81641-1-E, 7 81641-1-E",Genesis,Invisible Touch,"Atlantic, Atlantic","LP, Album, All",,1986,583797,Uncategorized,2026-02-13 05:06:58,,,
"K 50565, MS/MT 5049",Chic,C'est Chic,"Atlantic, Atlantic","LP, Album",,1978,496781,Uncategorized,2024-06-23 12:41:22,,,
"K 50681, K50681",Bette Midler,The Rose - The Original Soundtrack Recording,"Atlantic, Atlantic","LP, Album",,1979,3907164,Uncategorized,2024-06-22 22:48:38,,,
"ATL K 50 858, ATL 50 858, SD 19331",The Blues Brothers,Best Of The Blues Brothers,"Atlantic, Atlantic, Atlantic","LP, Comp",,1981,3614405,Uncategorized,2025-11-27 13:39:46,,,
"K 50339, K50339, SD 18211",The Trammps,Disco Inferno,"Atlantic, Atlantic, Atlantic","LP, Album",,1977,2155729,Uncategorized,2025-12-02 12:37:11,,,
"K 50634, K50634, SD 16003",Chic,Risqué,"Atlantic, Atlantic, Atlantic","LP, Album",,1979,563446,Uncategorized,2025-12-02 11:23:59,,,
"K50587, K 50587, SD 5209",Sister Sledge,We Are Family,"Atlantic, Atlantic, Cotillion","LP, Album, Wes",,1979,3583768,Uncategorized,2025-12-02 13:08:53,,,
7567 89972 4,James Blunt,All The Lost Souls,"Atlantic, Custard Records","CD, Album, Son",,2007,7376208,Uncategorized,2026-02-10 04:32:05,,,
7567-93451-2,James Blunt,Back To Bedlam,"Atlantic, Custard Records","CD, Album, RE, Cin",,2005,18408940,Uncategorized,2026-02-10 04:31:51,,,
"0190296684005, 0190296684012",Honne,"Let's Just Say The World Ended A Week From Now, What Would You Do?","Atlantic, Tatemae Recordings","LP, Album, Cle",,2021,20693014,Uncategorized,2026-05-09 13:32:50,,,
WPCR-11612,Led Zeppelin,Led Zeppelin II,"Atlantic, Warner Music","CD, Album, RE, RM, Min",,2003,2224613,Uncategorized,2026-02-10 04:59:19,,,
ACB 251,Van McCoy & The Soul City Symphony,Disco Baby,Avco,"LP, Album, Club",,1975,2861760,Uncategorized,2025-12-02 12:02:51,,,
"513472 2, 5134722000, COL 513472 2",John Mayer,Heavier Things,"Aware Records, Columbia, Columbia","CD, Album",,2003,869202,Uncategorized,2026-02-10 04:16:40,,,
BIG 1001,Various,Powermix,Baby Records (2),"LP, Comp, Mixed",,1983,840626,Uncategorized,2025-12-02 11:46:18,,,
80191,Charles Aznavour,Qui ?,Barclay,"LP, Album, RE, Gat",,0,3159406,Uncategorized,2026-07-17 12:31:55,,,
BEGA 22,Freeez,Southern Freeez,Beggars Banquet,"LP, Album, Gat",,1981,68686,Uncategorized,2026-03-27 13:33:06,,,
RKIDCD36,Oasis (2),Stop The Clocks,Big Brother,"2xCD, Comp",,2006,15114730,Uncategorized,2026-06-26 04:21:11,,,
6704314,Gregory Porter,"Nat ""King"" Cole & Me",Blue Note,"CD, Album, Son",,2017,11078319,Uncategorized,2026-02-10 04:52:20,,,
B002233101,Jamie Cullum,Interlude,Blue Note,"2xLP, Album",,2015,6591017,Uncategorized,2026-07-05 09:58:40,Mint (M),Mint (M),
BN-LA663-J2,Various,Blue Note Live At The Roxy,Blue Note,"2xLP, Comp, Gat",,1976,1382907,Uncategorized,2026-03-27 13:58:57,,,
BT 85101,Stanley Jordan,Magic Touch,Blue Note,"LP, Album",,1985,3393331,Uncategorized,2025-11-27 13:42:56,,,
0602547814432,Gregory Porter,Take Me To The Alley,"Blue Note, Decca","CD, Album, EDC",,2016,8488326,Uncategorized,2026-02-10 04:52:41,,,
4760495,Gregory Porter,Liquid Spirit,"Blue Note, Universal Music Classics & Jazz France","CD, Album, S/Edition",,2015,17511343,Uncategorized,2026-02-10 04:52:59,,,
12 DEEP 10,Latino Rave,Deep Heat 89,BMG,"12"", Mixed",,1989,180997,Uncategorized,2025-06-26 12:37:04,,,
74321458512,Lisa Stansfield,Lisa Stansfield,"BMG, Arista","CD, Album",,1997,307141,Uncategorized,2025-10-05 12:14:06,,,
88697113062,Newton Faulkner,Hand Built By Robots,"Brightside Recordings, Ugly Truth, peermusic","CD, Album",,2007,1179795,Uncategorized,2026-02-10 04:10:13,,,
BDLH 5013,Gladys Knight And The Pips,The Best Of Gladys Knight & The Pips,Buddah Records,"LP, Comp, Gat",,1976,971746,Uncategorized,2026-07-17 12:36:43,,,
CAI002LP,Jungle (12),Volcano,Caiola Records,"LP, Album",,2023,27804930,Uncategorized,2025-09-23 02:13:31,,,
"CAI001LPTO, CAI001LP",Jungle (12),Loving In Stereo,"Caiola Records, Caiola Records","LP, Album",,2021,19859938,Uncategorized,2026-04-16 12:04:48,,,
CAMIX 1,Various,It's In The Mix Vol. 1,Calibre,"LP, Comp",,1983,214212,Uncategorized,2025-12-02 11:18:36,,,
PDA 042,Elvis Presley,The Elvis Presley Collection Vol.2,Camden,"2xLP, Comp",,1976,2834209,Uncategorized,2024-06-23 00:52:33,,,
CCD 79351,"Jamie Cullum, Geoff Gascoyne, Sebastiaan De Krom Guest Track Bob Dorough",Devil May Care!,Candid,"CD, Comp, Dig",,2010,5307161,Uncategorized,2026-02-10 04:15:55,,,
CLP 32041,Jamie Cullum,Pointless Nostalgic,Candid,"2xLP, RM, 180",,2023,26827016,Uncategorized,2025-08-07 04:34:32,,,
"CCD 79782, CCD79782",Jamie Cullum,Pointless Nostalgic,"Candid, Candid","CD, Album",,2002,1158275,Uncategorized,2024-06-26 00:45:59,,,
05099998404322,Rod Stewart,Time,Capitol Records,"CD, Album, Dlx",,2013,4550308,Uncategorized,2024-06-26 00:40:28,,,
12 CLXS 1,Various,Capitol Soul Special,Capitol Records,"LP, Comp, Ltd, Promo",,1977,608555,Uncategorized,2025-12-02 11:32:19,,,
12CL 211,Maze Featuring Frankie Beverly,Joy And Pain,Capitol Records,"12"", Single",,1982,10787076,Uncategorized,2026-03-27 13:57:51,,,
602458769234,Billy Idol,Rebel Yell,Capitol Records,"LP, Album, RE + LP + Dlx, 40t",,2024,30507874,Uncategorized,2025-11-04 02:28:39,,,
EST 12155,"The Brooklyn, Bronx & Queens Band","The Brooklyn, Bronx & Queens Band",Capitol Records,"LP, Album",,1981,1907265,Uncategorized,2025-12-28 01:02:27,,,
EST 12155,"The Brooklyn, Bronx & Queens Band","The Brooklyn, Bronx & Queens Band",Capitol Records,"LP, Album",,1981,1907265,Uncategorized,2026-02-10 06:47:07,Near Mint (NM or M-),Very Good Plus (VG+),
EST 2067,Freddie Jackson,Don't Let Love Slip Away,Capitol Records,"LP, Album",,1988,623716,Uncategorized,2024-08-06 05:51:13,,,
EST 7122841,Peabo Bryson / Roberta Flack,Born To Love,Capitol Records,"LP, Album, Pur",,1983,538370,Uncategorized,2025-12-02 12:26:18,,,
ST-12243,Melba Moore,The Other Side Of The Rainbow,Capitol Records,"LP, Album",,1982,870416,Uncategorized,2025-12-02 12:13:11,,,
ST-12448,Skyy,From The Left Side,Capitol Records,"LP, Album",,1986,490569,Uncategorized,2025-12-02 12:22:51,,,
SW 8-0740,Rodgers & Hammerstein,The King And I,Capitol Records,LP,,1956,5953431,Uncategorized,2024-06-23 00:06:28,,,
"2401521, 1C 064-24 0152 1",Tina Turner,Private Dancer,"Capitol Records, Capitol Records","LP, Album",,1984,3709972,Uncategorized,2026-03-15 12:09:14,,,
"EJ 2403161, FRED 1",Freddie Jackson,Rock Me Tonight,"Capitol Records, Capitol Records","LP, Album",,1985,980686,Uncategorized,2024-06-23 01:10:12,,,
"EST 2012, 24 0546 1",Willie Collins,Where You Gonna Be Tonight?,"Capitol Records, Capitol Records","LP, Album",,1986,1536586,Uncategorized,2025-12-02 11:30:32,,,
"EST 2013, 24 0498 1",Various,Iron Eagle (Original Motion Picture Soundtrack),"Capitol Records, Capitol Records","LP, Album, Comp",,1986,2012242,Uncategorized,2025-07-31 12:15:10,,,
"EST 2023, 2406301",Freddie Jackson,Just Like The First Time,"Capitol Records, Capitol Records","LP, Album",,1986,623712,Uncategorized,2025-12-03 12:25:01,,,
"EST 2038, 74 8061 1",Various,Capitol Collectables 1,"Capitol Records, Capitol Records","LP, Comp",,1987,1374607,Uncategorized,2025-12-03 12:08:56,,,
"EST 26733, OC 062-86441",Diana Ross,Why Do Fools Fall In Love,"Capitol Records, Capitol Records","LP, Album",,1981,1616334,Uncategorized,2025-12-02 11:17:11,,,
"1A 062 24 0611 1, 062 24 0611 1, 24 0611 1",Tina Turner,Break Every Rule,"Capitol Records, Capitol Records, Capitol Records","LP, Album",,1986,8471340,Uncategorized,2025-12-02 11:43:26,,,
"E-ST 12018, EST 12018, OC 062-86 045",Dr. Hook,Sometimes You Win,"Capitol Records, Capitol Records, Capitol Records","LP, Album",,1979,1915870,Uncategorized,2025-12-04 11:33:11,,,
CALD 5006,Donna Summer,Live And More,Casablanca,"2xLP, Album",,1978,1227183,Uncategorized,2024-06-23 00:11:32,,,
TGIF 100,Various,Thank God It's Friday,Casablanca,"2xLP + 12"", S/Sided",,1978,1476787,Uncategorized,2024-06-22 23:26:59,,,
CALD 5008,Donna Summer,On The Radio - Greatest Hits Volumes I & II,"Casablanca, Pye Records","2xLP, Comp, P/Mixed",,1979,215713,Uncategorized,2025-12-02 13:07:35,,,
EUK BX 303,Various,Classic Soul - 50 Classic Soul Hits,Castle Communications,"3xCD, Comp",,1996,990018,Uncategorized,2025-10-05 11:58:06,,,
450061 1,Gregory Abbott,Shake You Down,CBS,"LP, Album",,1986,2224129,Uncategorized,2025-12-02 12:07:57,,,
460630 1,Roachford,Roachford,CBS,"LP, Album",,1988,3265167,Uncategorized,2025-12-02 12:24:37,,,
462877 1,The Pasadenas,To Whom It May Concern,CBS,"LP, Album",,1988,2881881,Uncategorized,2025-09-23 01:00:24,,,
65803,The Wombles,Wombling Songs,CBS,LP,,1973,441958,Uncategorized,2024-06-23 00:38:55,,,
BPG 62022,Bob Dylan,Bob Dylan,CBS,"LP, Album, Mono, Phi",,1962,3877482,Uncategorized,2025-11-27 13:44:22,,,
BPG 62058,Leonard Bernstein,West Side Story (The Original Sound Track Recording),CBS,"LP, Album, Mono, Gat",,1962,6023265,Uncategorized,2024-06-23 00:18:12,,,
CBS 25096,Gladys Knight And The Pips,Visions,CBS,"LP, Album",,1983,1590822,Uncategorized,2025-12-03 12:09:54,,,
CBS 25704,Haywoode,Arrival,CBS,"LP, Album",,1985,1684463,Uncategorized,2025-09-23 02:21:07,,,
CBS 26903,Philip Bailey,Inside Out,CBS,"LP, Album",,1986,4102460,Uncategorized,2025-12-03 12:08:06,,,
CBS 450066 1,"James ""D-Train"" Williams",Miracles Of The Heart,CBS,"LP, Album",,1986,1437311,Uncategorized,2026-05-05 04:24:40,,,
CBS 450152 1,Alison Moyet,Raindancing,CBS,"LP, Album",,1987,8897028,Uncategorized,2024-09-26 06:27:55,,,
CBS 450259 1,Spandau Ballet,Through The Barricades,CBS,"LP, Album",,1986,635486,Uncategorized,2024-06-22 22:22:45,,,
CBS 450911 1,Terence Trent D'Arby,Introducing The Hardline According To Terence Trent D'Arby,CBS,"LP, Album, W/Lbl",,1987,9579700,Uncategorized,2025-09-23 01:57:06,,,
CBS 461164 1,Broomfield,Broomfield,CBS,"LP, Album",,1987,2400634,Uncategorized,2025-12-02 12:20:35,,,
CBS 80526,The Wombles,Keep On Wombling,CBS,LP,,1974,1258166,Uncategorized,2024-06-23 00:39:28,,,
CBS 84178,Gladys Knight And The Pips,About Love,CBS,"LP, Album",,1980,1258619,Uncategorized,2025-12-02 11:53:11,,,
CBS 85272,"Earth, Wind & Fire",Raise!,CBS,"LP, Album, Gat",,1981,802452,Uncategorized,2025-12-02 11:12:49,,,
CBS 85977,Marvin Gaye,Midnight Love,CBS,"LP, Album",,1982,665916,Uncategorized,2025-12-02 12:16:13,,,
CBS 86068,Johnny Mathis & Deniece Williams,That's What Friends Are For,CBS,"LP, Album",,1978,3331746,Uncategorized,2025-12-02 11:19:10,,,
CBS 88147,Bob Dylan & The Band,The Basement Tapes,CBS,"2xLP, Album, Gat",,0,5473265,Uncategorized,2026-07-19 09:47:57,,,
CDCBS 26229,Alison Moyet,Alf,CBS,"CD, Album, RE, RP",,1987,3682191,Uncategorized,2026-04-16 09:42:55,,,
MOOD 8,Various,Nite Flite 2,CBS,"LP, Comp",,1989,3696649,Uncategorized,2024-06-23 12:41:50,,,
VAULT-1,Various,Club Classics Volume 1,CBS,"LP, Comp",,1984,1555303,Uncategorized,2026-03-27 13:46:07,,,
"86104, S CBS 86104",Barbra Streisand,Wet,"CBS, CBS","LP, Album",,1979,14713596,Uncategorized,2026-07-27 02:56:28,,,
"CBS 26229, 26229",Alison Moyet,Alf,"CBS, CBS","LP, Album",,1984,8776207,Uncategorized,2024-06-21 03:36:41,,,
"CBS 26229, 26229",Alison Moyet,Alf,"CBS, CBS","LP, Album, Blu",,1984,14111321,Uncategorized,2024-06-22 22:28:55,,,
"CBS 83491, 83491",Herbie Hancock,Feets Don't Fail Me Now,"CBS, CBS","LP, Album",,1979,201863,Uncategorized,2025-12-02 11:39:08,,,
"S CBS 86060, 86060",Barbra Streisand,Songbird,"CBS, CBS",LP,,1978,1430169,Uncategorized,2024-06-23 00:18:55,,,
"83284, S CBS 83284, FC 35647","Earth, Wind & Fire","The Best Of Earth, Wind & Fire Vol. I","CBS, CBS, ARC (3)","LP, Comp, Gat",,1978,849745,Uncategorized,2026-03-27 13:44:00,,,
"26200, CBS 26200, FC 39887",Bill Withers,Watching You Watching Me,"CBS, CBS, CBS","LP, Album",,1985,1421942,Uncategorized,2025-12-03 12:34:23,,,
"63396, S 63396, CS 9701",Mike Bloomfield / Al Kooper / Stephen Stills,Super Session,"CBS, CBS, CBS","LP, Album",,1968,2283943,Uncategorized,2026-07-27 03:02:54,,,
"CBS 86095, 86095, FC 36120",Bob Dylan,Slow Train Coming,"CBS, CBS, CBS","LP, Album",,1979,414149,Uncategorized,2025-11-27 13:42:32,,,
"CBS 86122, 86122, FC 36750",Barbra Streisand,Guilty,"CBS, CBS, CBS","LP, Album, Gat",,1980,613646,Uncategorized,2024-06-22 22:32:04,,,
"S 69081, CBS 69081, PC 33050",Santana,Santana's Greatest Hits,"CBS, CBS, CBS","LP, Comp",,1974,409174,Uncategorized,2026-07-17 12:38:28,,,
"S CBS 10019, 10019, CBS 10019",Johnny Mathis,Tears And Laughter,"CBS, CBS, CBS","LP, Comp",,1980,2487891,Uncategorized,2026-07-17 13:15:40,,,
"83202, CBS 83202, S CBS 83202, JC 35568",Deniece Williams,When Love Comes Calling,"CBS, CBS, CBS, CBS","LP, Album",,1979,1202800,Uncategorized,2025-12-02 11:25:21,,,
"86051, CBS 86051, S CBS 86051, JC 34905","Earth, Wind & Fire",All 'N All,"CBS, CBS, CBS, CBS","LP, Album, Gat",,1977,978292,Uncategorized,2025-12-03 11:57:50,,,
"CBS 25554, 25554",Billy Joel,An Innocent Man,"CBS, CBS, Family Productions","LP, Album",,1983,1772024,Uncategorized,2025-09-23 02:39:51,,,
CBS 467814 1,C + C Music Factory,Gonna Make You Sweat,CBS/Sony,"LP, Album",,1991,4461461,Uncategorized,2026-07-17 13:18:17,,,
9124 053,Genesis,Duke,Charisma,"LP, Album, Gat",,1980,819293,Uncategorized,2026-01-06 05:04:36,,,
CAS 1032,Audience (2),The House On The Hill,Charisma,"LP, Album, Pin",,1971,2971495,Uncategorized,2026-07-17 12:41:21,,,
CLASS 1,Genesis,Genesis Live,Charisma,"LP, Album, 1st",,1973,10584374,Uncategorized,2026-03-27 13:55:30,,,
PG 5,Peter Gabriel,So,"Charisma, Virgin","LP, Album",,1986,379036,Uncategorized,2026-04-17 11:28:19,,,
PE 112,Delta Dawn,Givin' It To You,Chrillimac,LP,,1977,1515662,Uncategorized,2024-06-22 22:13:00,,,
BFV 41552,World Party,Private Revolution,Chrysalis,"LP, Album",,1986,22328941,Uncategorized,2024-06-22 22:53:50,,,
CCD 1514,Billy Idol,Whiplash Smile,Chrysalis,"CD, Album",,1986,7164460,Uncategorized,2026-02-10 04:39:57,,,
CDL 1192,Blondie,Parallel Lines,Chrysalis,"LP, Album",,1978,229449,Uncategorized,2024-06-22 22:59:37,,,
CDL 1442,Judie Tzuke,Ritmo,Chrysalis,"LP, Album",,1983,1406962,Uncategorized,2024-06-23 00:21:06,,,
CDL 1473,Spandau Ballet,Parade,Chrysalis,"LP, Album, Gat",,1984,9947965,Uncategorized,2025-12-02 13:00:09,,,
CDL 1514,Billy Idol,Whiplash Smile,Chrysalis,"LP, Album, PRS",,1986,30958507,Uncategorized,2025-09-11 11:38:40,,,
CDL 1547,Living In A Box,Living In A Box,Chrysalis,LP,,1987,1190802,Uncategorized,2025-12-03 11:53:48,,,
CDL 1550,Go West,Dancing On The Couch,Chrysalis,"LP, Album",,1987,2384221,Uncategorized,2025-12-02 11:44:15,,,
CDL TV1,Blondie,The Best Of Blondie,Chrysalis,"LP, Comp",,1981,9227168,Uncategorized,2024-06-23 00:14:21,,,
CHR 1332,Linx,Intuition,Chrysalis,"LP, Album",,1981,789517,Uncategorized,2026-03-27 13:29:47,,,
CHR 1495,Go West,Go West,Chrysalis,"LP, Album",,1985,668224,Uncategorized,2025-12-02 12:21:20,,,
CHR 1569,"John ""Jellybean"" Benitez",Just Visiting This Planet,Chrysalis,"LP, Album",,1987,80517,Uncategorized,2026-05-05 04:25:10,,,
CHR 1735,Billy Idol,Charmed Life,Chrysalis,"LP, Album",,1990,9417500,Uncategorized,2025-11-27 12:03:51,,,
CUX 1502,Billy Idol,Vital Idol,Chrysalis,"LP, Album, Comp",,1985,515892,Uncategorized,2026-03-05 08:12:15,,,
DCDL-1676,Living In A Box,Gatecrashing,Chrysalis,"2xLP, Album, Ltd",,1989,2553589,Uncategorized,2026-04-20 07:40:41,Very Good Plus (VG+),Very Good Plus (VG+),
SBTV 1,Spandau Ballet,The Singles Collection,Chrysalis,"LP, Comp, RE",,0,11867709,Uncategorized,2025-09-23 02:00:51,,,
"7243 536826 2 0, 536 8262",Robbie Williams,Swing When You're Winning,"Chrysalis, Chrysalis","CD, Album, EMI",,2001,30514051,Uncategorized,2024-06-26 00:46:41,,,
"DBILCD 1, BILCD 1",Billy Idol,Idol Songs - 11 Of The Best,"Chrysalis, Chrysalis","CD, Comp, Ltd, Bon",,1988,2098768,Uncategorized,2024-06-26 00:19:06,,,
JABH 21,Jeff Lorber Featuring Karyn White And Michael Jeffries,Private Passion,Club,"LP, Album",,1986,2935374,Uncategorized,2025-12-03 12:13:31,,,
JABH 23,Kool & The Gang,Forever,Club,"LP, Album",,1986,1460303,Uncategorized,2025-12-02 11:31:56,,,
"CLUBL 001, 812 563-1",Various,Wired For Clubs (Club Tracks Vol.1),"Club, Club","LP, Comp",,1983,541328,Uncategorized,2025-12-02 11:13:50,,,
"JABH 19, 830 265-1",Cameo,Word Up!,"Club, Club","LP, Album",,1986,202227,Uncategorized,2025-09-23 02:37:14,,,
"JABL 1, JABL1",Shannon,Let The Music Play,"Club, Club","LP, Album",,1984,672528,Uncategorized,2026-06-11 06:15:19,,,
471732 2,Various,Soul Desire: A Collection Of 16 Classic Soul Love Songs,Columbia,"CD, Comp",,1992,20945845,Uncategorized,2025-10-05 12:10:03,,,
472302 1,Michael Bolton,Timeless (The Classics),Columbia,"LP, Album",,1992,2578039,Uncategorized,2026-04-04 07:53:42,,,
476642 2,Deacon Blue,Our Town - The Greatest Hits,Columbia,"CD, Comp",,1994,672237,Uncategorized,2026-04-16 09:53:09,,,
483699 2,Maxwell,Maxwell's Urban Hang Suite,Columbia,"CD, Album",,1996,537550,Uncategorized,2026-02-10 04:35:45,,,
504879 2,Various,School Disco.com,Columbia,"2xCD, Comp",,2001,6854476,Uncategorized,2026-04-16 02:00:31,,,
88697 79043 2,Barbra Streisand,The Ultimate Collection,Columbia,"CD, Comp",,2010,6059877,Uncategorized,2026-02-10 04:40:56,,,
CK 45202,Mariah Carey,Mariah Carey,Columbia,"CD, Album",,1990,2270241,Uncategorized,2026-05-05 09:50:39,,,
SX 6122 ,The Joe Harriott Double Quintet,Indo-Jazz Fusions,Columbia,"LP, Album, Mono",,1967,4267762,Uncategorized,2026-07-17 12:26:01,,,
"P2 13924, P2-13924",Various,The Sound Of Philadelphia,"Columbia Special Products, Brookville Records","2xLP, Comp",,1977,1574150,Uncategorized,2025-12-02 12:11:07,,,
"497454 2, COL 497454 2",Maxwell,Now,"Columbia, Columbia","CD, Album",,2001,561122,Uncategorized,2026-02-10 04:35:07,,,
"CL 800, CL-800",Liberace,Sincerely Yours,"Columbia, Columbia","LP, Album",,1956,3751225,Uncategorized,2024-06-22 23:01:23,,,
"COL 494935 2, 494935 2",Savage Garden,Affirmation,"Columbia, Columbia","CD, Album",,1999,254743,Uncategorized,2026-04-16 09:39:39,,,
"44 07466, 44 - 07466, 44-07466",George Michael,Hard Day (Special Remix),"Columbia, Columbia, Columbia","12""",,1987,421730,Uncategorized,2025-12-02 13:07:06,,,
"CK 64935, 01-064935-10",Miles Davis,Kind Of Blue,"Columbia, Columbia, Legacy, Legacy","CD, Album, RE, RM, Vin",,1997,12575288,Uncategorized,2026-02-08 04:44:43,,,
88697019962,Jamiroquai,High Times (Singles 1992–2006),"Columbia, Sony BMG Music Entertainment","CD, Comp, RM",,2006,23538572,Uncategorized,2024-06-26 00:54:13,,,
19658756572,Bruce Springsteen,Only The Strong Survive (Covers Vol. 1),"Columbia, Sony Music","CD, Album",,2022,25131370,Uncategorized,2025-10-22 12:32:10,,,
19658789812,Depeche Mode,Memento Mori,"Columbia, Sony Music","CD, Album, Dlx, Dig",,2023,26525069,Uncategorized,2025-10-22 12:31:42,,,
88843032252,George Ezra,Wanted On Voyage,"Columbia, Sony Music","CD, Album",,2014,11536731,Uncategorized,2026-06-11 09:58:54,,,
C 10714,Johnny Mathis With Percy Faith & His Orchestra,Warm,"Columbia, Sutton Records, Inc.","LP, Album, RE",,1972,7500560,Uncategorized,2026-07-17 12:37:47,,,
00888072651517,Tears For Fears,Songs For A Nervous Planet,Concord Records,"2xLP, Ltd, Coc",,2024,32086020,Uncategorized,2026-07-03 07:30:11,,,
CRE00209,Valerie June,The Order Of Time,Concord Records,"LP, Album",,2017,9969829,Uncategorized,2025-10-10 11:39:46,,,
CRE01922,Tears For Fears,The Tipping Point,Concord Records,"LP, Album, Pic",,2022,23400731,Uncategorized,2025-11-18 11:52:27,,,
2870 164,Danny Williams,Danny Williams,Contour,"LP, Album",,1972,2596391,Uncategorized,2026-04-16 12:13:20,,,
JARTV 3,Various,The Rave Gener8tor,Cookie Jar Records Ltd,"LP, Comp",,1992,1701886,Uncategorized,2024-06-23 00:14:40,,,
JARTV 4,Various,The Rave Gener8tor II,Cookie Jar Records Ltd,"LP, Comp",,1992,316958,Uncategorized,2024-06-22 23:24:28,,,
COOKLP964,Deacon Blue,The Great Western Road Trip,Cooking Vinyl,"3xLP, Album, RSD, Ltd, Num, Blu",,2026,37112139,Uncategorized,2026-05-04 12:56:26,Near Mint (NM or M-),Near Mint (NM or M-),
CTLP 6,Steven Dante,Find Out,Cooltempo,"LP, Album",,1988,1847569,Uncategorized,2024-06-22 23:22:00,,,
CCD 1724,Milli Vanilli,2 X 2,"Cooltempo, Chrysalis","CD, Comp",,1989,1274807,Uncategorized,2026-04-16 09:45:40,,,
"CCD 1890, 3218902",Kenny Thomas,Voices,"Cooltempo, Cooltempo","CD, Album",,1991,516491,Uncategorized,2024-06-26 00:53:39,,,
"ctlp24, 3218901",Kenny Thomas,Voices,"Cooltempo, Cooltempo","LP, Album",,1991,230017,Uncategorized,2026-04-02 08:48:13,,,
SD 5224,Slave,Stone Jam,Cotillion,"LP, Album, SP ",,1980,813751,Uncategorized,2025-12-02 11:34:55,,,
"COT 50 693, (SD 16012)",Sister Sledge,Love Somebody Today,"Cotillion, Cotillion","LP, Album",,1980,22112716,Uncategorized,2025-12-02 11:23:27,,,
COUNT169CR,Big Wild,Superdream,Counter Records,"LP, Album, RE, Cry",,2022,22338157,Uncategorized,2026-03-14 11:48:09,,,
CRIMCD 107,Frankie Valli & The Four Seasons,The Very Best Of Frankie Valli & The Four Seasons,Crimson,"CD, Comp",,1998,6376911,Uncategorized,2026-04-16 09:38:47,,,
CRIMCD131,Various,Soul Weekender,Crimson,"CD, Comp",,1998,594942,Uncategorized,2025-10-05 12:09:47,,,
CRIMCD464,Various,Absolute Soul Weekender,Crimson,"CD, Comp",,2007,13930892,Uncategorized,2026-04-02 08:20:43,,,
Curcd216,Kenny Thomas,Crazy World,Curb Records,"CD, Album",,2006,3857331,Uncategorized,2026-07-05 01:54:49,,,
DAP-076,Jalen N'Gonda,Come Around And Love Me,Daptone Records,"LP, Album, Mono",,2023,28186123,Uncategorized,2026-07-05 01:58:08,,,
DAP-084,Jalen N'Gonda,Doctrine Of Love,Daptone Records,"LP, Album, Ltd, Cle",,2026,37514964,Uncategorized,2026-06-16 12:05:44,,,
"DSR 003, DSR 3",Kool & The Gang,As One,"De-Lite Records, De-Lite Records","LP, Album",,1982,889912,Uncategorized,2025-12-02 11:54:24,,,
77823OI,The Teskey Brothers,Run Home Slow,Decca,"LP, Album",,2019,13950651,Uncategorized,2026-04-16 12:02:46,,,
SKL 30514/5,The Rolling Stones,Lo Mejor De The Rolling Stones,Decca,"2xLP, Comp, RE",,0,2113866,Uncategorized,2026-07-17 12:51:25,,,
UPC00602527133041,Jamie Cullum,The Pursuit,Decca,"Box, Album + 2xLP + CD + DVD",,2009,13585483,Uncategorized,2026-03-21 16:47:18,Near Mint (NM or M-),Very Good Plus (VG+),Release number 204
"ROOTS 1, ROOTS.1",Genesis,Rock Roots,"Decca, Decca","LP, Album, Mono, RE, G L",,1976,755331,Uncategorized,2026-03-27 13:53:20,,,
2720776,Jamie Cullum,The Pursuit,"Decca, Terrified, Universal Music","2xLP, Album, S/Edition",5,2009,2014517,Uncategorized,2025-08-26 12:57:26,,,
2796665,Military Wives,In My Dreams,"Decca, Universal Music","CD, Album",,2012,7421327,Uncategorized,2024-06-26 00:50:04,,,
"00602455234940, 5523494",Jamie Cullum,Twentysomething,"Decca, Universal Music Recordings, Decca, Universal Music Recordings","2xLP, Album, Ltd, Blu",,2023,28669738,Uncategorized,2024-09-26 06:27:28,,,
1790091,Rihanna,Good Girl Gone Bad Reloaded,"Def Jam Recordings, SRP Records","CD, Album, RE, Sup + DVD-V",,2008,1640768,Uncategorized,2024-06-26 00:37:33,,,
DEMRECOMP027,Various,80s Dance Classics,Demon Records,"2xLP, Comp, 140",,2022,24085622,Uncategorized,2024-09-26 06:28:18,,,
DEMREC334,Simply Red,Simplified,"Demon Records, simplyred.com","LP, Album, RE, Red",,2019,13921444,Uncategorized,2025-11-18 11:52:50,,,
LP DEP 5,UB40,Labour Of Love,DEP International,"LP, Album",,1983,552230,Uncategorized,2025-09-23 01:38:40,,,
"LPDEP 1, 12X DEP 1",UB40,Present Arms,"DEP International, DEP International","LP, Album, Dam + 12""",,1981,457099,Uncategorized,2025-09-23 01:39:34,,,
DEP CD5,UB40,Labour Of Love,"DEP International, Virgin","CD, Album",,0,12229475,Uncategorized,2026-03-16 06:37:00,,,
"CDUBTV 1, 0777 7 86324 2 9, 258 717, 7 86324 2",UB40,The Best Of UB40 (Volume One),"DEP International, Virgin, Virgin, Virgin","CD, Comp, RE",,0,2269380,Uncategorized,2024-06-26 00:45:12,,,
486 0579,Moby,Reprise Remixes,Deutsche Grammophon,"2xLP, Ltd, Cle",,2022,23316566,Uncategorized,2026-01-06 06:43:49,,,
PDTV1 429 305-1,Placido Domingo,The Essential Domingo Popular Songs And Arias,Deutsche Grammophon,"LP, Comp",,1989,3901426,Uncategorized,2026-01-06 06:42:53,,,
"G2-10075, G2 - 10075",Eva Cassidy,Imagine,"Didgeridoo Records, Blix Street Records, Hot Records (2)","CD, Album, RE, Del",,0,14356947,Uncategorized,2024-06-26 00:23:11,,,
G2-10045,Eva Cassidy,Songbird,"Didgeridoo Records, Hot Records (2)","CD, Comp, RE, Ind",,0,469945,Uncategorized,2024-06-26 00:25:44,,,
DINCD 58,Randy Crawford,The Very Best Of Randy Crawford,Dino Entertainment,"CD, Comp, Bla",,1993,11243556,Uncategorized,2024-06-26 00:19:26,,,
DJH 20520,Elton John,Elton John's Greatest Hits Volume II,DJM Records (2),"LP, Comp",,1977,2205129,Uncategorized,2024-06-23 00:10:10,,,
DJH 20520,Elton John,Elton John's Greatest Hits Volume II,DJM Records (2),"LP, Comp, RE",,0,4560457,Uncategorized,2026-07-19 09:59:22,,,
DJML 068,Count Basie,Count Basie Live,DJM Records (2),"LP, Mono",,1976,6281478,Uncategorized,2026-07-17 12:20:34,,,
DJML 073,Brook Benton,Looking Back - 20 Historic Tracks,DJM Records (2),"LP, Comp",,1976,6122606,Uncategorized,2026-07-17 12:46:29,,,
DJSLM 2023,The Button Down Brass Featuring The Funky Trumpet Of Ray Davies (3),Firedog!,DJM Records (2),LP,,1976,1616685,Uncategorized,2026-07-17 12:34:38,,,
DRAMCD0002,Katie Melua,Call Off The Search,Dramatico,"CD, Album, Enh",,2003,33201222,Uncategorized,2026-02-10 04:30:18,,,
DRAMCD0035,Katie Melua,Pictures,Dramatico,"CD, Album",,2007,1099183,Uncategorized,2026-02-10 04:29:51,,,
DMYLP4,Various,Dummy - 21st Century Pop Music 2014,Dummy Records,"2xLP, Comp + CD, Comp",,2014,6572277,Uncategorized,2025-09-23 01:27:45,,,
0190295138967,Simply Red,Remixed Vol. 1 (1985 – 2000),EastWest,"LP, Blu + LP, Red + Album, RSD, Comp",,2026,37103436,Uncategorized,2026-04-19 09:23:03,Near Mint (NM or M-),Near Mint (NM or M-),
0630-12823-2,Jimmy Nail,Big River,EastWest,"CD, Album",,1995,1498892,Uncategorized,2026-04-16 09:49:45,,,
825646186075,Jools Holland And His Rhythm & Blues Orchestra,Sirens Of Song,EastWest,"CD, Album",,2014,6336820,Uncategorized,2024-06-26 00:50:23,,,
"3984-20739-2, 3984 20739 2",Jimmy Nail,The Nail File: The Best Of Jimmy Nail,"EastWest, EastWest","CD, Comp, RP",,1999,29644552,Uncategorized,2026-02-10 04:17:21,,,
"EGLP 62, 825 659-1",Bryan Ferry,Boys And Girls,"EG, EG","LP, Album",,1985,258207,Uncategorized,2025-12-03 12:15:12,,,
EGLP 50,Roxy Music,Avalon,"EG, Virgin","LP, Album, RE",,1987,2971585,Uncategorized,2025-09-23 01:40:50,,,
5E-531,"Donald Byrd & 125th Street, N.Y.C.",Love Byrd,Elektra,"LP, Album, Spe",,1981,1019981,Uncategorized,2025-12-02 11:52:33,,,
960 487-1,Howard Hewett,I Commit To Love,Elektra,"LP, Album",,1986,1843910,Uncategorized,2025-12-03 12:01:41,,,
960 763-1,Keith Sweat,Make It Last Forever,Elektra,"LP, Album",,1987,847742,Uncategorized,2024-06-23 01:08:29,,,
960 779-1,Howard Hewett,Forever And Ever,Elektra,"LP, Album",,1988,2607498,Uncategorized,2025-12-02 11:55:04,,,
60162-1,Tom Scott,Desire,Elektra Musician,"LP, Album, Club",,1982,12525240,Uncategorized,2025-12-02 11:29:25,,,
"960 444-1, EKT 37",Anita Baker,Rapture,"Elektra, Elektra","LP, Album",,1986,8926363,Uncategorized,2025-12-03 12:28:34,,,
"EKT 27, 960 452-1",Simply Red,Picture Book,"Elektra, Elektra","LP, Album",,1985,416831,Uncategorized,2026-03-23 01:34:43,,,
"EKT 48, 960 775-1",Teddy Pendergrass,Joy,"Elektra, Elektra","LP, Album",,1988,2642930,Uncategorized,2026-06-11 06:17:11,Near Mint (NM or M-),Near Mint (NM or M-),
"EKT 49, 960 827-1",Anita Baker,Giving You The Best That I Got,"Elektra, Elektra","LP, Album",,1988,24444302,Uncategorized,2025-12-02 11:43:46,,,
"WX 242, 244689-1",Simply Red,A New Flame,"Elektra, Elektra, WEA, WEA","LP, Album, EMI",,1989,28818331,Uncategorized,2025-12-02 12:48:24,,,
7559-61707-2,Keith Sweat,Keith Sweat,"Elektra, Marvelous Enterprises","CD, Album",,1996,23686139,Uncategorized,2025-10-22 11:59:30,,,
"242071-1, WX85",Simply Red,Men And Women,"Elektra, WEA, Elektra, WEA","LP, Album, UK ",,1987,5983357,Uncategorized,2026-03-08 10:23:11,,,
CDP 7 46238 2,The Hollies,20 Golden Greats,EMI,"CD, Comp, RE, RM",,0,18189265,Uncategorized,2026-04-16 09:37:21,,,
CDP 7464142,Kate Bush,The Whole Story,EMI,"CD, Comp, Nim",,1986,5108361,Uncategorized,2026-04-02 08:19:09,,,
EMC 3532,Diana Ross,Red Hot Rhythm + Blues,EMI,"LP, Album",,1987,2926812,Uncategorized,2024-06-23 00:41:29,,,
EMC 3546,Hazell Dean,Always,EMI,"LP, Album",,1988,643934,Uncategorized,2025-12-03 12:23:23,,,
EMIV 2102,Take That,This Life,EMI,"LP, Album",,2023,29019931,Uncategorized,2026-01-06 07:22:37,,,
EMIVY 2056,Kawala (2),Better With You ,EMI,"LP, Ltd, Gre",,2022,24246674,Uncategorized,2025-11-04 02:29:07,,,
"CDEMTVD 106, 7243 8 36454 2 8",Various,Cinema Classics,"EMI Classics, EMI Classics","2xCD, Comp",,1995,24977689,Uncategorized,2025-11-17 11:49:06,,,
"577 5942, 7243 5 77594 2 7",Matt Monro,The Collection,"EMI Gold, EMI","2xCD, Comp",,2004,12360436,Uncategorized,2026-04-16 09:43:01,,,
"MTL 1012, 24 0835 1",Natalie Cole,Everlasting,"EMI-Manhattan Records, EMI-Manhattan Records","LP, Album",,1987,4328142,Uncategorized,2025-12-02 12:49:15,,,
"MTL 1017, 24 0833 1",Richard Marx,Richard Marx,"EMI-Manhattan Records, EMI-Manhattan Records","LP, Album",,1987,5877734,Uncategorized,2025-12-02 12:28:33,,,
"7243 5 39821 2 6, 539 8212",David Bowie,Best Of Bowie,"EMI, EMI","2xCD, Comp, RM",,0,11019417,Uncategorized,2026-02-10 04:57:08,,,
"CD EMTVD 45, CDS 7 90353 2",Various,The Classic Experience,"EMI, EMI","2xCD, Comp",,1988,4204097,Uncategorized,2026-04-16 09:37:36,,,
"CRTV 30, 79 1370 1",Cliff Richard,Private Collection (1979 - 1988),"EMI, EMI","2xLP, Comp, Emb",,1988,9189977,Uncategorized,2025-12-02 12:57:41,,,
"EMC 3068, 0C 062 ◦ 05793",Steve Harley & Cockney Rebel,The Best Years Of Our Lives,"EMI, EMI","LP, Album",,1975,6561180,Uncategorized,2025-11-18 11:51:21,,,
"EMC 3411, EMC-3411",Duran Duran,Rio,"EMI, EMI","LP, Album",,1982,2020636,Uncategorized,2025-09-23 02:35:32,,,
"EMC 3538, 74 8338 1",Climie Fisher,Everything,"EMI, EMI","LP, Album",,1988,34563265,Uncategorized,2025-10-05 08:35:55,,,
"EMD 1004, 74 6705 1",Cliff Richard,Always Guaranteed,"EMI, EMI","LP, Album",,1987,1954688,Uncategorized,2025-12-03 12:32:13,,,
"50999 5 05903 2 2, VTDCDX 890",Various,101 Christmas Songs,"EMI, EMI TV","4xCD, Comp",,2007,3518017,Uncategorized,2024-06-26 00:26:43,,,
50999 0 26676 2 1,Simply Red,Farewell (Live In Concert At Sydney Opera House),"EMI, simplyred.com","DVD-V, Multichannel, NTSC + CD, Album",,2011,5736897,Uncategorized,2024-06-26 00:48:54,,,
NOW 6,Various,Now That's What I Call Music 6,"EMI, Virgin","2xLP, Comp, RP",,1985,8322531,Uncategorized,2025-09-23 01:36:18,,,
ENROX 11,The Boomtown Rats,The Fine Art Of Surfacing,Ensign,"LP, Album",,1979,391326,Uncategorized,2024-06-22 22:50:48,,,
ENVY 14,Light Of The World,Round Trip,Ensign,"LP, Album",,1981,20840857,Uncategorized,2024-06-22 22:42:45,,,
"ENVY 1, 9102 800",The Boomtown Rats,The Boomtown Rats,"Ensign, Ensign","LP, Album",,1977,14393927,Uncategorized,2024-06-22 23:14:01,,,
460000 1,George Michael,Faith,Epic,"LP, Album",,1987,23636375,Uncategorized,2025-12-03 12:27:18,,,
460183 1,Luther Vandross,Busy Body,Epic,"LP, Album, RE",,0,2531135,Uncategorized,2025-12-02 11:41:00,,,
460497 1,Sade,Stronger Than Pride,Epic,"LP, Album",,1988,877925,Uncategorized,2025-09-23 02:05:59,,,
462908 1,Luther Vandross,Any Love,Epic,"LP, Album",,1988,1217234,Uncategorized,2025-12-02 11:50:46,,,
463001 1,Luther Vandross,"Forever, For Always, For Love",Epic,"LP, Album, RE",,1987,2998114,Uncategorized,2025-12-02 12:19:18,,,
463125 1,Miami Sound Machine,Anything For You,Epic,"LP, Album",,1988,7598886,Uncategorized,2025-12-02 13:06:28,,,
465801 1,Luther Vandross,The Best Of Luther Vandross... The Best Of Love,Epic,"2xLP, Comp, Gat",,1989,639088,Uncategorized,2026-04-02 09:20:41,,,
666562 2,George Michael,Outside,Epic,"CD, Single, Dig",,1998,844752,Uncategorized,2026-04-16 02:07:48,,,
92 513800,Michael Jackson,Number Ones,Epic,"CD, Album, Comp, Thr",,2003,11618908,Uncategorized,2024-06-26 00:27:02,,,
CDEPC 85930,Michael Jackson,Thriller,Epic,"CD, Album, RE",,0,11197658,Uncategorized,2025-10-05 12:12:11,,,
DM 2,Various,Dance Mix - Dance Hits Volume 2,Epic,"LP, Comp, Mixed",,1983,1335259,Uncategorized,2025-12-03 11:55:34,,,
DM 4,Various,Dance Mix...Dance Hits Vol. 4,Epic,"LP, Comp, Mixed",,1984,2112835,Uncategorized,2025-12-03 12:17:37,,,
DM 5,Various,Dance Mix...Dance Hits Vol. 5,Epic,"LP, Comp, Mixed",,1984,2545764,Uncategorized,2025-12-02 11:47:53,,,
EPC 10047,Shakin' Stevens,Greatest Hits Volume 1,Epic,"LP, Comp",,1984,876861,Uncategorized,2024-06-23 00:12:18,,,
EPC 22138,Various,Mastermixes,Epic,"2xLP, Album, Comp",,1982,616509,Uncategorized,2025-12-02 11:15:24,,,
EPC 26044,Sade,Diamond Life,Epic,"LP, Album, Gat",,1984,3460957,Uncategorized,2024-06-22 23:13:13,,,
EPC 26387,Luther Vandross,The Night I Fell In Love,Epic,"LP, Album",,1985,9209727,Uncategorized,2026-06-11 06:13:24,Very Good Plus (VG+),Very Good Plus (VG+),
EPC 26656,Isley Jasper Isley,Caravan Of Love,Epic,"LP, Album",,1985,1289752,Uncategorized,2025-12-02 12:54:46,,,
EPC 460697 1 (01-460697-20),Luther Vandross,Luther Vandross,Epic,"LP, Comp, RE",,0,10338261,Uncategorized,2025-07-31 12:14:54,,,
EPC 86311,Wham!,Make It Big,Epic,"LP, Album",,1984,14446873,Uncategorized,2024-06-22 23:28:08,,,
EPC 86318,Sade,Promise,Epic,"LP, Album, Gat",,1985,1078623,Uncategorized,2026-03-08 10:20:41,,,
LUTH TQ1,Luther Vandross,See Me,Epic,"12""",,1987,2161419,Uncategorized,2026-04-16 03:36:59,,,
MOOD CD11,Various,Just The Two Of Us,Epic,"CD, Comp",,1990,8957149,Uncategorized,2026-04-02 08:20:04,,,
ONUP 1,Various,On The Upbeat,Epic,"LP, Comp",,1987,459248,Uncategorized,2025-09-23 01:31:24,,,
"465802 1, EPC 465802 1",Michael Jackson,Dangerous,"Epic, Epic","2xLP, Album",,1991,511609,Uncategorized,2025-11-27 12:25:10,,,
"500594 2, 5005942000",Sade,The Best Of Sade,"Epic, Epic","CD, Comp, RE, RM",,2000,222930,Uncategorized,2026-02-10 04:07:41,,,
"88681, EPC 88681",Wham!,The Final,"Epic, Epic","2xLP, Comp",,1986,9395255,Uncategorized,2025-12-02 13:00:54,,,
"EPC 10017, S EPC 10017",ABBA,Greatest Hits Vol. 2,"Epic, Epic","LP, Album, Comp, Net",,1979,10467794,Uncategorized,2024-06-22 22:38:24,,,
"EPC 10022, S EPC 10022",ABBA,Super Trouper,"Epic, Epic","LP, Album",,1980,11964910,Uncategorized,2024-06-23 00:42:19,,,
"EPC 32807, 32807",Luther Vandross,Never Too Much,"Epic, Epic","LP, Album, RE",,1986,802972,Uncategorized,2025-12-02 12:19:48,,,
"EPC 450134 1, 450134 1",Luther Vandross,Give Me The Reason,"Epic, Epic","LP, Album",,1986,25215064,Uncategorized,2024-06-23 01:11:17,,,
"EPC 83468, S EPC 83468",Michael Jackson,Off The Wall,"Epic, Epic","LP, Album, Gat",,1979,147819,Uncategorized,2024-06-22 22:44:53,,,
"EPC 86112, S EPC 86112",The Jacksons,Triumph,"Epic, Epic","LP, Album",,1980,1828192,Uncategorized,2025-12-02 12:36:14,,,
"S EPC 86027, EPC 86027",The Isley Brothers,Go For Your Guns,"Epic, Epic","LP, Album, Gat",,1977,796520,Uncategorized,2025-12-02 11:35:56,,,
"EPC 25486, 25486, FE 38688",Stanley Clarke,Time Exposure,"Epic, Epic, Epic","LP, Album",,1984,911133,Uncategorized,2025-12-03 12:07:51,,,
"EPC 83468, S EPC 83468, FE 35745",Michael Jackson,Off The Wall,"Epic, Epic, Epic","LP, Album, Gat",,1979,5157901,Uncategorized,2026-03-27 13:27:49,,,
"520422 2, 5204222001, EPC520422 2",Michael Jackson,The Essential Michael Jackson,"Epic, Legacy, MJJ Productions, Sony Music, Epic, Legacy, MJJ Productions, Sony Music, Epic, Legacy, MJJ Productions, Sony Music","2xCD, Comp, RP",,2009,9118664,Uncategorized,2026-02-10 04:32:51,,,
5138002,Michael Jackson,Number Ones,"Epic, MJJ Music, Sony Music","CD, Comp, RP, Thr",,0,15514665,Uncategorized,2025-10-05 12:11:16,,,
88697564572,JLS (3),JLS,"Epic, Sony Music","CD, Album",,2009,7417162,Uncategorized,2026-02-10 04:24:54,,,
88697742862,JLS (3),Outta This World,"Epic, Sony Music","CD, Album",,2010,2629843,Uncategorized,2026-02-10 04:24:43,,,
88697997362,Wham!,The Final,"Epic, Sony Music","CD, Comp, RE, O-c + DVD-V, Comp, Copy Prot., NTSC,",,2011,3513767,Uncategorized,2024-06-26 00:40:00,,,
888697940902,JLS (3),Jukebox,"Epic, Sony Music","CD, Album",,2011,3632602,Uncategorized,2026-02-10 04:24:27,,,
193483201399,Maverick Sabre,When I Wake Up,FAMM (2),2xLP,,2019,13469191,Uncategorized,2025-09-23 01:26:53,,,
FAMM102LPC,Jorja Smith,Falling Or Flying,FAMM (2),"LP, Album, Ltd, Boo",,2023,28445761,Uncategorized,2025-10-10 11:38:03,,,
none,Jorja Smith,Be Right Back,FAMM (2),"CD, EP",,2021,18779455,Uncategorized,2025-10-22 12:32:28,,,
SABRE004LP,Maverick Sabre,Lonely Are The Brave (Mav's Version),FAMM (2),"2xLP, Album",,2023,26332733,Uncategorized,2026-05-24 06:28:20,Near Mint (NM or M-),Near Mint (NM or M-),
SABRE006LP,Maverick Sabre,Lonely Are The Brave - Live From Koko,FAMM (2),"LP, Album",,2023,29346268,Uncategorized,2025-11-30 09:56:47,,,
SABRELP002,Maverick Sabre,Don't Forget To Look Up,FAMM (2),"2x12"", Album",,2022,23289707,Uncategorized,2025-08-26 12:58:01,,,
XL 89106,Sylvester,Sylvester - Greatest Hits: Nonstop Dance Party,Fantasy,"LP, Comp, Mixed",,1984,1766037,Uncategorized,2026-04-04 07:50:56,,,
828 854.2,Fine Young Cannibals,The Finest,FFRR,"CD, Comp",,1996,24172385,Uncategorized,2026-02-10 04:54:01,,,
FFRLP 3,Salt 'N' Pepa,A Salt With A Deadly Pepa,"FFRR, London Records","LP, Album",,1988,1605763,Uncategorized,2025-09-23 02:09:05,,,
"1764098, 0-06025-1764098-6",Elbow,The Seldom Seen Kid,"Fiction Records, Fiction Records","CD, Album, Sup",,2008,15018019,Uncategorized,2025-10-08 05:04:38,,,
"2762328, 00602527623283",Elbow,Build A Rocket Boys!,"Fiction Records, Fiction Records","CD, Album",,2011,2763667,Uncategorized,2025-10-22 12:00:03,,,
986 890-7,Stephen Fretwell,Magpie,"Fiction Records, Polydor","CD, Album",,2004,7288722,Uncategorized,2025-10-08 05:05:40,,,
838 730-2,Tears For Fears,The Seeds Of Love,Fontana,"CD, Album, Tra",,1989,10385422,Uncategorized,2024-06-26 00:22:17,,,
"FOOD CD 33, 7243 5 29858 2 1",Blur,The Best Of,"Food, Parlophone","CD, Comp, EMI",,2000,1567515,Uncategorized,2026-04-16 09:41:47,,,
7567896951,Paramore,The Final Riot!,Fueled By Ramen,"CD, Album + DVD-V, Comp, PAL",,2008,4186866,Uncategorized,2025-10-05 11:56:29,,,
924 228-1,David Peaston,Introducing...,Geffen Records,"LP, Album",,1989,9160401,Uncategorized,2025-12-02 12:19:40,,,
GHS 2019,Joni Mitchell,Wild Things Run Fast,Geffen Records,"LP, Album, Ltd, Qui",,1982,4434691,Uncategorized,2026-04-02 09:38:49,,,
"924 124-1, WX 122",Ray Parker Jr.,After Dark,"Geffen Records, Geffen Records","LP, Album",,1987,2032863,Uncategorized,2025-12-03 12:25:34,,,
589 374-2,Gabrielle,Dreams Can Come True - Greatest Hits Vol 1,Go! Beat,"CD, Comp, S/Edition, Blu",,2001,1086336,Uncategorized,2026-04-02 08:20:14,,,
"AGOCD 16, 842 080-2",The Beautiful South,Welcome To The Beautiful South,"Go! Discs, London Records","CD, Album, RP, Man",,0,11410958,Uncategorized,2026-04-16 09:44:48,,,
6023GL,Rick James Presents Bobby Militello,Blow,Gordy,"LP, Album",,1982,1288229,Uncategorized,2025-12-02 12:15:47,,,
"ZL 72004, STML 12200",DeBarge,In A Special Way,"Gordy, Gordy","LP, Album",,1984,838245,Uncategorized,2025-12-02 11:43:08,,,
GREL CD 53,Clint Eastwood And General Saint,Stop That Train,Greensleeves Records,"CD, Album",,1986,1602764,Uncategorized,2024-06-26 00:37:13,,,
GREWCD 53,Clint Eastwood And General Saint,Stop That Train,Greensleeves Records,"CD, Album, RE",,2007,2922643,Uncategorized,2025-10-22 12:31:18,,,
"GTLP 013, 2321 113",Heatwave,Too Hot To Handle,"GTO, GTO","LP, Album",,1976,739745,Uncategorized,2025-12-02 12:06:24,,,
9109 008,The Stylistics,Fabulous,H & L Records,"LP, Album",,1976,715004,Uncategorized,2024-06-22 22:49:26,,,
ACBR 256,The Stylistics,Fabulous,H & L Records,"LP, Album, Club",,1976,1026487,Uncategorized,2025-09-23 01:57:38,,,
6798413,The Teskey Brothers,Half Mile Harvest,"Half Mile Harvest Recordings, Decca","LP, Album, RE",,2019,13793035,Uncategorized,2025-07-20 03:44:47,,,
HM 568,Ferrante & Teicher,Theme Music From The Film Exodus And Other Popular Favourites,Hallmark Records,"LP, Album, Mono, RE",,1968,1779311,Uncategorized,2024-06-23 00:33:38,,,
HNBL 1339,The Dinner Ladies,These Knees Have Seen The World,Hannibal Records,"LP, Album",,1988,1845941,Uncategorized,2024-06-22 22:53:13,,,
SHDW 411,Pink Floyd,The Wall,Harvest,"2xLP, Album, Gat",,1979,27809691,Uncategorized,2025-11-27 13:15:13,,,
SMAS-11163,Pink Floyd,The Dark Side Of The Moon,Harvest,"LP, Album, RP, Win",,1973,8136235,Uncategorized,2025-11-27 12:21:08,,,
"SHVL 815, 0C 064-98 434",Pink Floyd,Animals,"Harvest, Harvest","LP, Album, Gat",,1977,391322,Uncategorized,2025-11-27 13:41:34,,,
HN 4941,Lou Rawls,The Very Best Of Lou Rawls,HEP,"LP, Comp",,1983,3331571,Uncategorized,2026-03-27 13:34:23,,,
HIAM 94,Incantation (2),The Meeting,HIAM,"LP, Album, Pri",,1987,16158897,Uncategorized,2026-01-06 07:42:28,,,
"CLP 3559, CLP. 3559",Manfred Mann With Paul Jones,Mann Made Hits,"His Master's Voice, His Master's Voice","LP, Comp, Mono",,1966,3018098,Uncategorized,2026-07-27 03:01:10,,,
"UK-CDCSD 3787, CDP 7 90180 2, UK-CD-FA 3243",Morrissey,Viva Hate,"His Master's Voice, His Master's Voice, His Master's Voice","CD, Album",,1988,26963048,Uncategorized,2026-02-10 04:11:03,,,
"7243 5 26058 2 8, 5260582",Various,The Greatest Crooners Collection,"HMV EASY, HMV EASY","CD, Album, Comp",,2000,13579741,Uncategorized,2026-05-05 09:52:14,,,
G2-10079,Eva Cassidy,American Tune,"Hot Records (2), Blix Street Records, Didgeridoo Records","CD, Album",,2003,559241,Uncategorized,2024-06-26 00:23:44,,,
BR2101,Beta Radio,Year of Love,Icons Creating Evil Art,"LP, Album, Ltd, Fir",,2021,21149401,Uncategorized,2026-04-25 14:51:17,Mint (M),Mint (M),
5050467 9766 2 7,David Gray,Life In Slow Motion,"IHT Records, Atlantic","CD, Album",,2005,7065590,Uncategorized,2026-05-05 09:46:14,,,
5050466-1658-2-4,David Gray,A New Day At Midnight,"IHT Records, EastWest","CD, Album",,2002,614721,Uncategorized,2026-04-16 09:39:06,,,
"TANLP 4, TAN LP 4",The Fatback Band,Fatback's Greatest Hits,"Important Records (4), Important Records (4)","LP, Comp",,1985,477918,Uncategorized,2025-09-23 02:22:16,,,
"ISOM 9CDX, 4946246006, 4946242000",Travis,The Man Who,"Independiente, Independiente, Independiente","CD, Album, Enh, Ltd",,1999,1715469,Uncategorized,2025-10-22 12:00:50,,,
"493534 2, 493 534-2",Enrique Iglesias,Escape,"Interscope Records, Interscope Records","CD, Album",,2002,1804244,Uncategorized,2024-06-26 00:50:32,,,
1706602,Lionel Richie,Coming Home,"Island Def Jam, Mercury","CD, Album, S/Edition",,2006,1115804,Uncategorized,2024-06-26 00:46:52,,,
0847732,Jamie Cullum,Taller (Expanded Edition),Island Records,"CD, Album, RE + CD, Album",,2019,14424166,Uncategorized,2026-02-10 04:25:57,,,
206 285-620,Bob Marley & The Wailers,Legend (The Best Of Bob Marley And The Wailers),Island Records,"LP, Comp, Gat",,1984,13561534,Uncategorized,2026-03-05 08:13:10,,,
207 472-630,Grace Jones,Island Life,Island Records,"LP, Comp, Gat",,1985,1403846,Uncategorized,2024-06-26 00:32:44,,,
208 601,The Christians,The Christians,Island Records,"LP, Album, Gat",,1987,390322,Uncategorized,2024-06-20 00:12:27,,,
3736206,Jamie Cullum,Momentum,Island Records,"2xLP, Album",,2013,4587589,Uncategorized,2024-09-26 06:25:02,,,
3736206,Jamie Cullum,Momentum,Island Records,"2xLP, Album",,2013,4587589,Uncategorized,2026-02-10 06:47:24,Near Mint (NM or M-),Near Mint (NM or M-),
3824655,JP Cooper,She,Island Records,"LP, Album, Ltd, Cle",,2022,22204504,Uncategorized,2025-09-23 02:25:51,,,
3886167,Jamie Cullum,The Pianoman At Christmas - The Complete Edition,Island Records,"LP, Album, Red + LP, RE, Gol",,2021,21141406,Uncategorized,2026-03-13 15:48:07,,,
4702448,Jamie Cullum,Interlude,Island Records,"CD, Album",,2014,6193252,Uncategorized,2026-02-10 04:25:45,,,
4702475,Jamie Cullum,Interlude,Island Records,"CD, Album + DVD-V + Dlx, Dig",,2014,6193161,Uncategorized,2026-03-04 05:00:03,,,
7 90169-2,Bob Marley & The Wailers,Legend - The Best Of Bob Marley & The Wailers,Island Records,"CD, Comp, RE",,1988,3677222,Uncategorized,2024-06-26 00:21:58,,,
7768697,Jamie Cullum,Taller,Island Records,"LP, Album",,2019,13730302,Uncategorized,2024-09-26 06:22:55,,,
BRLP-538,Will Downing,Come Together As One,Island Records,"LP, Album",,1989,15186784,Uncategorized,2026-06-11 06:16:00,,,
ILPM 9498,Bob Marley & The Wailers,Exodus,Island Records,"LP, Album, RE",,1987,2620725,Uncategorized,2025-09-11 11:38:05,,,
ILPS 9844,Steve Winwood,Back In The High Life,Island Records,"LP, Album",,1986,30280160,Uncategorized,2025-12-03 12:23:07,,,
ILPS 9876,The Christians,The Christians,Island Records,"LP, Album, Gat",,1987,7227848,Uncategorized,2024-06-23 01:07:36,,,
279 043 6,Amy Winehouse,Lioness: Hidden Treasures,"Island Records Group, Lioness Records","CD, Album",,2011,14386464,Uncategorized,2024-06-26 00:21:37,,,
9842593,"Paul Weller, The Jam, The Style Council, Paul Weller",Hit Parade,"Island Records Group, Polydor, Universal Records, Universal Music Group","CD, Comp",,0,834286,Uncategorized,2026-02-10 04:09:36,,,
171 304-1,Amy Winehouse,Back To Black,"Island Records Group, Universal Records","CD, Album, Enh",,2006,825438,Uncategorized,2025-10-08 05:03:40,,,
"MCD60084, 0633992, 063399-2",Busted (3),Busted,"Island Records Group, Universal, Universal","CD, Album, Enh, S/Edition",,2002,11899644,Uncategorized,2026-04-16 09:38:56,,,
2722538,Mumford & Sons,Sigh No More,"Island Records, Gentlemen Of The Road","CD, Album",,2009,2029300,Uncategorized,2026-02-10 04:33:19,,,
"060245858394, 602458583946",The Killers,Rebel Diamonds,"Island Records, Island Records","CD, Comp",,2023,30999028,Uncategorized,2025-10-22 12:33:45,,,
"518 649-2, CIDTV 6",The Christians,The Best Of The Christians,"Island Records, Island Records","CD, Comp",,1993,5038666,Uncategorized,2026-02-10 04:49:01,,,
"CID8145, 986657-3",Keane,Hopes And Fears,"Island Records, Island Records","CD, Album, S/Edition, Uni",,2004,10846192,Uncategorized,2026-02-10 04:31:08,,,
"CIDU 211, 524 613-2",U2,The Best Of 1980-1990,"Island Records, Island Records","CD, Comp, RP",,0,10011495,Uncategorized,2025-11-17 11:49:27,,,
"CIDU28, 510347-2",U2,Achtung Baby,"Island Records, Island Records","CD, Album, MPO",,1991,3221842,Uncategorized,2025-10-05 11:58:59,,,
"CIDU28, 510347-2",U2,Achtung Baby,"Island Records, Island Records","CD, Album, RP",,0,15286550,Uncategorized,2026-02-10 04:03:02,,,
"ILPS 9120, ILPS-9120",Free,Fire And Water,"Island Records, Island Records","LP, Album, Pho",,1970,447957,Uncategorized,2026-07-17 12:42:00,,,
"U2SLIP1, U2SLIP2 (alt.), CIDTU213, 063 443-0",U2,The Best Of 1990-2000 & B-Sides - Special Edition Triple Pack,"Island Records, Island Records, Island Records, Island Records","2xCD, Comp, Ltd, S/Edition, Sli + DVD-V, Ltd, Prom",,2002,6500712,Uncategorized,2024-06-26 00:40:16,,,
"00199957011945, 5701194",Jamie Cullum,The Song Society Playlist,"Island Records, Universal Music Recordings","LP, Album, RSD, Red",,2026,37103856,Uncategorized,2026-04-19 09:22:19,Near Mint (NM or M-),Near Mint (NM or M-),
986 139-4,Lionel Richie & Commodores,The Definitive Collection,"Island Records, Universal Music TV","2xCD, Comp, RE, RM",,2009,7197394,Uncategorized,2024-06-26 00:47:18,,,
5509088,The Teskey Brothers,The Winding Way,"Ivy League, Decca, Glassnote (2)","LP, Album, Ltd, S/Edition, Opa",,2023,27391302,Uncategorized,2026-01-26 11:36:32,,,
82876-75190-2,Rod Stewart,Thanks For The Memory... The Great American Songbook Volume IV,J Records,"CD, Album, S/Edition",,2005,3094973,Uncategorized,2024-06-26 00:41:07,,,
7 4321 96867 2,Rod Stewart,It Had To Be You... The Great American Songbook,"J Records, BMG","CD, Album, Copy Prot.",,0,24103805,Uncategorized,2024-06-26 00:41:38,,,
"82876 56836 2, 82876 568362",Rod Stewart,As Time Goes By... The Great American Songbook Vol. II,"J Records, BMG, J Records, BMG","CD, Album, Copy Prot.",,2003,4571096,Uncategorized,2026-05-05 09:47:02,,,
"74321928892, 74321928892 9, 74321928892 -9",Alicia Keys,Songs In A Minor,"J Records, MBK Entertainment, BMG, J Records, J Records, MBK Entertainment, BMG","CD, Album, Enh, RE, S/Edition, Son",,2002,10148619,Uncategorized,2025-10-22 11:59:44,,,
"88697 01610 2, 88697-01610-2",Luther Vandross,The Ultimate Luther Vandross,"J Records, Sony BMG Music Entertainment, J Records, Sony BMG Music Entertainment","CD, Comp",,2006,1742441,Uncategorized,2025-10-05 11:55:33,,,
HIP 12,Billy Ocean,Suddenly,Jive,"LP, Album",,1984,208731,Uncategorized,2026-03-27 13:30:18,,,
HIP 33,Various,The Jewel Of The Nile: Music From The 20th Century Fox Motion Picture Soundtrack,Jive,"LP, Comp",,1985,2866344,Uncategorized,2024-06-22 23:00:47,,,
HIP 46,Jonathan Butler,Jonathan Butler,Jive,"2xLP, Album",,1987,936609,Uncategorized,2024-06-23 01:10:28,,,
HIP 57,Billy Ocean,Tear Down These Walls,Jive,"LP, Album",,1988,766698,Uncategorized,2025-12-03 12:24:30,,,
HOP 216,Various,Soul Searching Volume One,Jive,"LP, Comp",,1987,2264923,Uncategorized,2025-12-03 12:08:38,,,
"9222672, (7)9222672",Backstreet Boys,Greatest Hits - Chapter One,"Jive, Jive","CD, Comp",,2001,12814204,Uncategorized,2026-04-16 09:44:00,,,
NE 1003,Various,Soul City - 20 Original Soul Hits,K-Tel,"LP, Comp, Ltd",,1977,2332791,Uncategorized,2025-12-02 11:33:04,,,
NE 1004,Gladys Knight And The Pips,30 Greatest,K-Tel,"2xLP, Album, Comp, Ltd",,1977,550789,Uncategorized,2025-12-02 11:22:10,,,
NE 1040,Various,Action Replay,K-Tel,"LP, Comp, Orl",,1978,761456,Uncategorized,2024-06-22 23:16:52,,,
NE 1091,Various,Mounting Excitement,K-Tel,"LP, Comp",,1980,1219358,Uncategorized,2024-06-23 00:07:20,,,
NE 1101,Elvis Presley,Inspirations,K-Tel,"LP, Album, Comp",,1980,1709004,Uncategorized,2025-11-27 12:47:05,,,
NE 1255,Various,Night Moves,K-Tel,"LP, Comp",,1984,6009605,Uncategorized,2025-09-23 01:34:33,,,
NE 1276,Various / Alex And The City Crew,Breakdance,K-Tel,"LP, Album, Pos",,1984,955536,Uncategorized,2026-04-19 09:21:35,Good Plus (G+),Good Plus (G+),No paperwork
NE 1446,Various,Love House,K-Tel,"LP, Comp",,1989,702924,Uncategorized,2026-03-09 16:02:34,Very Good Plus (VG+),Very Good (VG),
ONE 1063,London Symphony Orchestra And The Royal Choral Society,Classic Rock Rhapsody In Black,K-Tel,"LP, Album",,1979,580836,Uncategorized,2026-04-04 07:57:12,,,
ONE 1080,London Symphony Orchestra And The Royal Choral Society,The Best Of Classic Rock,K-Tel,"LP, Comp",,1982,515184,Uncategorized,2026-04-04 07:57:30,,,
ONE 1243,London Symphony Orchestra And The Royal Choral Society And Roger Smith Chorale,Classic Rock Rock Symphonies,K-Tel,"LP, Album",,1983,2246376,Uncategorized,2026-04-04 07:56:10,,,
TE 291,Various,22 Dynamic Hits - Vol. II,K-Tel,"LP, Comp",,1972,974222,Uncategorized,2024-06-22 23:26:12,,,
"NE1039, ONE 1039",London Symphony Orchestra Featuring The Royal Choral Society,Classic Rock - The Second Movement,"K-Tel, K-Tel","LP, Album, Ltd, Blu",,1978,1540550,Uncategorized,2026-04-04 07:58:27,,,
ftrax01,DJ Freshtrax,Ten B&H,Little Giant Music,"12""",,1992,84200,Uncategorized,2024-06-22 23:16:19,,,
HA-K 8083,Mose Allison,Swingin' Machine,London Atlantic,"LP, Album, Mono",,1963,10232665,Uncategorized,2026-07-27 02:59:51,,,
828 069. 1,Fine Young Cannibals,The Raw & The Cooked,London Records,"LP, Album",,1989,251670,Uncategorized,2025-09-23 01:00:13,,,
828 221.1,Fine Young Cannibals,The Raw & The Remix,London Records,"LP, Comp",,1990,12141120,Uncategorized,2026-05-05 04:24:22,,,
LONLP 15,Total Contrast,Total Contrast,London Records,"LP, Album",,1985,1448301,Uncategorized,2026-03-05 08:15:51,,,
LONLP 45,Total Contrast,Beat To Beat,London Records,"LP, Album",,1987,1255291,Uncategorized,2026-06-11 06:17:36,,,
"SHR 8233, SHR.8233",Burt Bacharach,Hit Maker!,"London Records, Kapp Records, London Records, Kapp Records","LP, Album",,1965,3964541,Uncategorized,2024-06-23 00:50:07,,,
"LONLP 10, 820301 - 1",Blancmange,Believe You Me,"London Records, London Records","LP, Album",,1985,674611,Uncategorized,2024-06-22 22:40:16,,,
"0927493722, 0927 493722, 0927-49372-2",Holly Valance,Footprints,"London Records, London Records, London Records, EngineRoom Music","CD, Album, Enh, S/Edition",,2002,838710,Uncategorized,2026-04-16 09:40:49,,,
WH 5003,Various,Ecstasy,Lotus Records (4),"LP, Comp, ISS",,1978,569034,Uncategorized,2026-04-02 08:47:44,,,
MTL 1002,Gavin Christopher,One Step Closer,Manhattan Records,"LP, Album",,1986,5296565,Uncategorized,2025-12-03 12:34:51,,,
"MTL 1006, 24 0635 1",Robbie Nevil,C'est La Vie,"Manhattan Records, Manhattan Records","LP, Album",,1986,1886730,Uncategorized,2025-12-02 12:17:16,,,
MS4908,Various,The Musicals,Marks & Spencer,"CD, Album, Comp",,1999,10196750,Uncategorized,2026-04-02 08:19:57,,,
MCA-5514,The Controllers (2),The Controllers,MCA Records,"LP, Album",,1984,1046863,Uncategorized,2026-02-13 05:07:23,,,
MCA-5737,Patti LaBelle,Winner In You,MCA Records,"LP, Album, Glo",,1986,943730,Uncategorized,2024-06-22 22:25:37,,,
MCF 3179,Oliver Cheatham,Saturday Night,MCA Records,"LP, Album",,1983,1283094,Uncategorized,2025-12-03 12:22:28,,,
MCF 3282,Bobby Womack,So Many Rivers,MCA Records,"LP, Album",,1985,901442,Uncategorized,2025-12-03 12:33:58,,,
MCF 3322,Midnight Star,Headlines,MCA Records,"LP, Album",,1986,32977575,Uncategorized,2025-09-23 01:45:47,,,
MCF 3324,The Controllers (2),Stay,MCA Records,"LP, Album",,1986,2405093,Uncategorized,2025-12-02 12:24:07,,,
MCF 3404,The Controllers (2),For The Love Of My Woman,MCA Records,"LP, Album",,1987,1430442,Uncategorized,2026-04-16 12:07:37,,,
MCF 3418,Pebbles,Pebbles,MCA Records,"LP, Album",,1988,238399,Uncategorized,2025-12-03 12:01:12,,,
MCG 6030,Kim Wilde,Close,MCA Records,"LP, Album",,1988,1440769,Uncategorized,2025-12-02 12:08:45,,,
MCG 6032,Mac Band Featuring The McCampbell Brothers,Mac Band Featuring The McCampbell Brothers,MCA Records,"LP, Album",,1988,3023924,Uncategorized,2025-12-02 12:27:11,,,
"250 574-1, MCF 3197",Nik Kershaw,Human Racing,"MCA Records, MCA Records","LP, Album",,1984,388120,Uncategorized,2025-12-03 12:23:48,,,
"MCA-5824, MCA 5824",Robert Brookins,In The Night,"MCA Records, MCA Records","LP, Album",,1986,2935387,Uncategorized,2025-12-03 11:56:44,,,
"MCF 3008, MCA 3094",The Crusaders,Street Life,"MCA Records, MCA Records","LP, Album",,1979,253873,Uncategorized,2025-12-02 11:24:54,,,
"MCF 3231, MCA 39021",Windjammer,Windjammer II,"MCA Records, MCA Records","LP, Album",,1984,1369031,Uncategorized,2025-12-03 12:09:30,,,
"MCF 3421, MCF3421 AL",Transvision Vamp,Pop Art,"MCA Records, MCA Records","LP, Album",,1988,36093184,Uncategorized,2026-01-06 07:24:11,,,
"MCF 3425, MCF 3245",Bobby Brown,Don't Be Cruel,"MCA Records, MCA Records","LP, Album, M/Print",,1988,768752,Uncategorized,2025-12-02 12:24:57,,,
"MCG 6042, UNI 603, 256395-1",Holly Johnson,Blast,"MCA Records, MCA Records, MCA Records","LP, Album",,1989,175387,Uncategorized,2025-12-02 12:52:27,,,
"370 701-2, 602537070121",Amy Macdonald,Life In A Beautiful Light,"Melodramatic Records, Mercury","CD, Album, Dlx",,2012,3663707,Uncategorized,2025-10-08 05:05:27,,,
170 081-2,Shania Twain,Come On Over,Mercury,"CD, Album",,1999,15100118,Uncategorized,2026-04-16 02:03:20,,,
2770559,Maverick Sabre,Lonely Are The Brave,Mercury,"CD, Album",,2012,3602641,Uncategorized,2025-11-19 13:57:29,,,
526 230-2,INXS,The Greatest Hits,Mercury,"CD, Comp, RM, RP",,0,16212291,Uncategorized,2026-02-10 04:25:26,,,
548 262-2,Texas,The Greatest Hits,Mercury,"CD, Comp, S/Edition",,0,22615607,Uncategorized,2026-04-16 09:36:48,,,
6499 484,Rod Stewart,Sing It Again Rod,Mercury,"LP, Album, Comp, PRC",,1973,5920402,Uncategorized,2026-01-06 06:54:24,,,
822 943-1 ,Kool & The Gang,Emergency,Mercury,"LP, Album",,1984,18612118,Uncategorized,2025-12-02 12:41:21,,,
9872936,Dire Straits & Mark Knopfler,Private Investigations (The Best Of Dire Straits & Mark Knopfler),Mercury,"CD, Comp",,2005,26953124,Uncategorized,2026-02-10 04:48:39,,,
"824 300-1Q, 824 300-1",Tears For Fears,Songs From The Big Chair,"Mercury, Mercury","LP, Album",,1985,579795,Uncategorized,2025-09-23 01:54:08,,,
"986866 8, 9868668",Wet Wet Wet,The Greatest Hits,"Mercury, Mercury","CD, Comp",,2004,3224013,Uncategorized,2025-10-05 12:00:59,,,
"CATLP 1, CAT LP1",Curiosity Killed The Cat,Keep Your Distance,"Mercury, Mercury","LP, Album",,1987,658463,Uncategorized,2025-12-04 11:34:18,,,
"MERH 114, 832 721-1",INXS,Kick,"Mercury, Mercury","LP, Album, Gat",,1987,14275217,Uncategorized,2025-09-11 11:39:04,,,
"MERL 21, 812 265-1",Donna Summer,She Works Hard For The Money,"Mercury, Mercury","LP, Album",,1983,3546364,Uncategorized,2025-12-02 12:38:48,,,
"mers 17, MERS 17",Tears For Fears,The Hurting,"Mercury, Mercury","LP, Album",,1983,2636195,Uncategorized,2025-07-31 12:14:31,,,
172 6850,Elton John,Rocket Man · The Definitive Hits,"Mercury, Mercury Music Group, The Rocket Record Company","CD, Comp, S/Edition, Sup",,2007,8779794,Uncategorized,2024-06-26 00:20:36,,,
"7808973, 00602478089732",Tears For Fears,Songs From The Big Chair,"Mercury, Mercury, Universal Music Recordings","LP, Album, RE, RM, Red + LP, Red + 40t",,2025,35654080,Uncategorized,2025-11-18 11:53:33,,,
2745135,Chase & Status,No More Idols,"Mercury, RAM Records, Vertigo","CD, Album",,2011,2676745,Uncategorized,2026-02-10 04:49:17,,,
4770716,Tears For Fears,The Seeds Of Love,"Mercury, UMC","LP, Album, RE, Gat",,2020,28941418,Uncategorized,2024-09-26 06:26:56,,,
"2315028, ISE-27-ST",Maurice Jarre,Ryan's Daughter,"MGM Records, MGM Records","LP, Album, Gat",,1970,2675744,Uncategorized,2024-06-23 00:44:26,,,
MOSCD431,Various,When Cool Was King,Ministry Of Sound,"3xCD, Comp",,2015,12117674,Uncategorized,2026-05-31 01:36:35,,,
19539933781,Pete Tong + Various Featuring  Jules Buckley,Ibiza Classics,"Ministry Of Sound, Sony Music","LP, EP",,2022,22021060,Uncategorized,2026-04-13 14:22:57,,,
MP555,Frances Forever,Paranoia Party,Mom + Pop,"LP, EP, bab",,2021,19875340,Uncategorized,2026-04-25 14:47:45,Mint (M),Mint (M),
EMTV 20,Various,The Last Dance,Motown,"LP, Comp, Ora",,1980,4407055,Uncategorized,2026-06-16 12:06:46,,,
PSPCD288,Various,Motown Atlantic Highway Volume II,Motown,"2xCD, Comp",,1993,19399321,Uncategorized,2024-06-26 00:29:42,,,
STMA 8037,Lionel Richie,Lionel Richie,Motown,"LP, Album, Gat",,1982,9157716,Uncategorized,2025-11-27 13:40:12,,,
STMA 8041,Lionel Richie,Can't Slow Down,Motown,"LP, Album",,1983,395147,Uncategorized,2024-06-23 12:42:42,,,
STML 12164,Various,Motown Chartbusters Volume 12,Motown,"LP, Comp",,1982,1984542,Uncategorized,2025-12-02 12:54:16,,,
STML 12181,Dazz Band,On The One,Motown,"LP, Album",,1983,5514891,Uncategorized,2025-12-02 12:08:26,,,
ZL72001,Stevie Wonder,Characters,Motown,"LP, Album, Gat",,1987,21814564,Uncategorized,2025-12-02 12:45:32,,,
ZL72285,Stevie Wonder,The Woman In Red (Selections From The Original Motion Picture Soundtrack),Motown,"LP, Album, RE, Gat",,0,14689442,Uncategorized,2025-12-02 12:41:48,,,
ZL72342,The Temptations,Truly For You,Motown,"LP, Album",,1984,1389061,Uncategorized,2025-12-02 12:50:40,,,
ZL72376,Michael Lovesmith,Rhymes Of Passion,Motown,"LP, Album",,1985,1925981,Uncategorized,2025-12-02 12:23:15,,,
ZL72412,Lionel Richie,Dancing On The Ceiling,Motown,"LP, Album, RE, Gat",,1988,24730748,Uncategorized,2025-12-02 12:55:57,,,
ZL72413,The Temptations,Touch Me,Motown,"LP, Album",,1985,1214659,Uncategorized,2025-12-02 12:23:26,,,
"530 018-2, 530 018 - 2",Lionel Richie,Back To Front,"Motown, Motown","CD, Comp, PMD",,0,16376775,Uncategorized,2024-06-26 00:47:08,,,
"5C 152-60167/68, M9-894A2",Commodores,Live!,"Motown, Motown","2xLP, Album, Gat",,1977,1475664,Uncategorized,2026-03-27 13:40:28,,,
"EMTV 21, OC 062-63 293",Diana Ross,20 Golden Greats,"Motown, Motown","LP, Comp",,1979,1633495,Uncategorized,2024-06-22 22:24:03,,,
"MS-699, MS699",The Supremes & The Temptations,On Broadway,"Motown, Motown","LP, Album, Gat",,1969,4331391,Uncategorized,2026-07-17 12:27:46,,,
"STMA 8032, OC 064-63 064",Commodores,Midnight Magic,"Motown, Motown","LP, Album",,1979,7960464,Uncategorized,2025-12-02 12:07:10,,,
"STML 12100, 0C 062-61 879",Commodores,Greatest Hits,"Motown, Motown","LP, Comp",,1978,516710,Uncategorized,2026-04-04 07:52:43,,,
"STML 12157, 0C 062-64 434",High Inergy,High Inergy,"Motown, Motown","LP, Album",,1981,1877113,Uncategorized,2025-12-02 12:48:50,,,
"TMSP 6009, 0C 158-62 492/3",Stevie Wonder,Journey Through The Secret Life Of Plants,"Motown, Motown","2xLP, Album",,1979,795226,Uncategorized,2025-12-02 12:18:13,,,
"ZL 72005, ZL72005",Stevie Wonder,In Square Circle,"Motown, Motown","LP, Album, Emb",,1985,469424,Uncategorized,2025-12-02 11:13:20,,,
"EMTV 12, 0C 062·61 503, 0C 062-61 503",Various,The Big Wheels Of Motown,"Motown, Motown, Motown","LP, Comp",,1978,5923516,Uncategorized,2024-06-22 22:43:23,,,
"ZL 72020, STMA 8041, 6059 ML",Lionel Richie,Can't Slow Down,"Motown, Motown, Motown","LP, Album, RE, Gat",,0,19690723,Uncategorized,2024-06-22 23:23:19,,,
MOV-9.009,London Symphony Orchestra And The Royal Choral Society,Classic Rock,Movieplay,"LP, Album",,1978,983851,Uncategorized,2026-04-04 07:58:55,,,
MFP 1328,Geoff Love & His Orchestra,Big Western Movie Themes,Music For Pleasure,"LP, RE, Bla",,1969,5710936,Uncategorized,2025-09-23 01:33:01,,,
MFP 50347,The Shadows,The Shadows At The Movies,Music For Pleasure,"LP, Comp",,1978,878098,Uncategorized,2024-06-23 00:46:53,,,
MFP 5222,Ella Fitzgerald,"Ella Fitzgerald Sings ""Embraceable You"" And Other George Gershwin Favourites",Music For Pleasure,"LP, Comp",,1972,678942,Uncategorized,2026-07-17 12:18:54,,,
MFP 5230,Shirley Bassey With Nelson Riddle And His Orchestra,What Now My Love,Music For Pleasure,"LP, Album, RE",,0,2719117,Uncategorized,2026-01-06 07:06:55,,,
"MFP 1065, MFP1065",Dickie Henderson And Cheryl Kennedy,Songs From Walt Disney's Mary Poppins,"Music For Pleasure, Music For Pleasure","LP, Mono",,1966,5708473,Uncategorized,2024-06-22 23:31:54,,,
"MFP 50398, MFP50398",Charles Aznavour,Charles Aznavour,"Music For Pleasure, Music For Pleasure","LP, Comp",,1979,1938908,Uncategorized,2024-06-22 22:58:46,,,
"MFP STEREO 2134, MFP 2134",Gustav Holst - Leopold Stokowski Conducting Los Angeles Philharmonic Orchestra,The Planets,"Music For Pleasure, Music For Pleasure",LP,,0,1097236,Uncategorized,2026-04-16 12:05:22,,,
"MFP 50325/6, MPF 50325, MFP 50326",Various,Bars Of Gold,"Music For Pleasure, Music For Pleasure, Music For Pleasure","2xLP, Comp",,0,3339774,Uncategorized,2025-12-03 12:19:42,,,
12 Mute 111,Erasure,Star,Mute,"12"", Single, MPO",,1990,12834008,Uncategorized,2024-06-22 22:27:03,,,
stumm 55,Erasure,The Innocents,Mute,"LP, Album",,1988,102658,Uncategorized,2024-06-22 22:27:34,,,
"STUMM404, STUMM404US, STUMM404_C/D",ADULT.,Detroit House Guests,"Mute, Mute, Mute","2xLP, Album",,2017,9985371,Uncategorized,2025-10-15 00:51:47,,,
"L stumm 35, L. STUMM 35, l stumm 35, STUMM 25",Erasure,The Two Ring Circus / Oh L'Amour,"Mute, Mute, Mute, Mute","2x12"", Album + 12"", Single, RE",,1987,12359115,Uncategorized,2024-06-22 22:15:17,,,
T/MP-02,Jon Eberson Group featuring Sidsel Endresen,NAD 5120 Test Record,Nad (2),"LP, Album",,1983,10362332,Uncategorized,2026-07-17 12:33:15,,,
NWKT 73,Altern 8,Everybody,Network Records,"12""",,1993,13405,Uncategorized,2024-06-23 00:28:32,,,
NTRS 1,ABC,The Lexicon Of Love,Neutron Records,"LP, Album",,1982,110795,Uncategorized,2025-12-02 12:37:52,,,
CHR017,Various,Have A Very Mellow Christmas ,Not On Label,"CD, Comp",,0,14702637,Uncategorized,2024-06-26 00:20:54,,,
none,George Michael,BBC Unplugged 1996,Not On Label (George Michael),"LP, M/Print, RM, Unofficial, Whi",,2024,34093909,Uncategorized,2025-11-18 11:53:22,,,
OCR001E,Various,The Launch E.P.,Obvious Choice Recordings,"12"", EP",,1992,314648,Uncategorized,2024-06-23 00:36:19,,,
0003,Various,Ortofon Pick Up Test Record,Ortofon,"LP, Comp",,1984,2713538,Uncategorized,2026-07-17 12:32:45,,,
2310 702,Ella Fitzgerald - Joe Pass,Take Love Easy,Pablo Records,"LP, Album",,1974,299430,Uncategorized,2026-07-17 12:22:20,,,
5021732260802,86TVs,86TVs ,Parlophone,"LP, Album, Ltd, Gol",,2024,31387334,Uncategorized,2026-05-04 12:53:13,Near Mint (NM or M-),Mint (M),
5054197802928,Kylie Minogue,Body Language,Parlophone,"LP, Album, Ltd, RE, Red",,2024,29974366,Uncategorized,2025-10-15 00:51:26,,,
PMC 1230,The Beatles,A Hard Day's Night,Parlophone,"LP, Album, Mono, Gar",,1964,649306,Uncategorized,2026-07-19 09:52:04,,,
PMC 1240,The Beatles,Beatles For Sale,Parlophone,"LP, Album, Mono, Gat",,1964,651143,Uncategorized,2026-07-17 12:54:40,,,
"190295919870, DB 64162",David Bowie,Legacy,"Parlophone, Parlophone","2xCD, Comp, Dlx, RM, Dig",,2016,9337137,Uncategorized,2026-02-10 04:57:29,,,
"875 3652, 7243 8 75365 2 4",Kylie Minogue,Ultimate Kylie,"Parlophone, Parlophone","2xCD, Comp",,2004,5671002,Uncategorized,2026-05-05 09:51:01,,,
"P015 0232, 50999 0 15023 2 9",Kylie Minogue,The Abbey Road Sessions,"Parlophone, Parlophone","CD, Album",,2012,3985100,Uncategorized,2025-10-08 05:05:08,,,
"PCS 7325, 79 0868 1",Pet Shop Boys,Introspective,"Parlophone, Parlophone","LP, Album",,1988,10912651,Uncategorized,2024-06-23 00:22:10,,,
"PCS 7330, 79 2999 1",Zeke Manyika,Mastercrime,"Parlophone, Parlophone","LP, Album",,1989,1289451,Uncategorized,2024-06-22 23:21:31,,,
"PCSD 104, 74 6972 1",Pet Shop Boys,Actually,"Parlophone, Parlophone","LP, Album",,1987,79893,Uncategorized,2025-12-02 11:42:04,,,
"7243 5 38609 2 9, 7243 538609 2 9, 538 6092",Norah Jones,Come Away With Me,"Parlophone, Parlophone, Parlophone","CD, Album",,2002,9262044,Uncategorized,2025-10-05 11:54:55,,,
PIR 80433,Various,Phillybusters Vol II,Philadelphia International Records,"LP, Comp",,1974,1668793,Uncategorized,2026-07-17 12:29:05,,,
"PIR 86058, S PIR 86058",The O'Jays,Collectors' Items - Greatest Hits,"Philadelphia International Records, Philadelphia International Records","LP, Comp",,1977,14770950,Uncategorized,2026-03-27 13:42:30,,,
6336 219,The Platters,The Best Of The Platters Volume 2,Philips,"LP, Comp",,1975,1473397,Uncategorized,2026-04-04 07:53:08,,,
"BBL 7197, BBL.7197",Doris Day / Various,The Pajama Game,"Philips, Philips",LP,,1957,11879974,Uncategorized,2024-06-23 00:32:31,,,
"BBL 7530, BBL.7530, B 47126 L",Leonard Bernstein,West Side Story (The Original Sound Track Recording),"Philips, Philips, Philips","LP, Album, Mono",,1962,3890089,Uncategorized,2024-06-23 00:17:48,,,
"JWWWL 1, 832 726-1",Wet Wet Wet,Popped In Souled Out,"Phonogram, Phonogram","LP, Album, RP, Gat",,1987,6344181,Uncategorized,2025-09-23 01:51:52,,,
FL 84705,Pointer Sisters,Break Out,Planet (15),"LP, Album",,1983,1097314,Uncategorized,2025-12-03 12:35:02,,,
FL84698,Greg Phillinganes,Pulse,Planet (15),"LP, Album",,1985,152458,Uncategorized,2025-12-02 11:42:58,,,
1705087,Scissor Sisters,Ta-Dah,Polydor,"CD, Album",,2006,12919546,Uncategorized,2026-04-16 02:07:11,,,
1785357,Boyzone,Back Again... No Matter What The Greatest Hits,Polydor,"CD, Comp, Sup",,2008,4530037,Uncategorized,2024-06-26 00:22:34,,,
2302 073,Roxy Music,Greatest Hits,Polydor,"LP, Comp",,1977,387764,Uncategorized,2024-06-23 00:19:41,,,
2391 365,Roy Ayers,You Send Me,Polydor,"LP, Album",,1978,1640575,Uncategorized,2025-12-02 12:04:10,,,
2391 438,Roy Ayers,No Stranger To Love,Polydor,"LP, Album",,1979,168161,Uncategorized,2026-03-27 13:35:54,,,
2442 179,The Shadows,Change Of Address,Polydor,"LP, Album",,1980,2669521,Uncategorized,2024-06-23 00:35:11,,,
274 847-4,Take That,Progress,Polydor,"CD, Album",,2010,29829583,Uncategorized,2024-06-26 00:29:19,,,
3747026,Ellie Goulding,Halcyon Days,Polydor,"CD, Album",,2013,5626123,Uncategorized,2024-06-26 00:52:28,,,
470 921-8,Take That,III,Polydor,"CD, Album, TAK",,2014,16795272,Uncategorized,2026-02-10 04:04:22,,,
559 200-2,Boyzone,Where We Belong,Polydor,"CD, Album",,1998,704926,Uncategorized,2026-04-16 09:45:32,,,
559 220-2,Bee Gees,One Night Only,Polydor,"HDCD, Album",,1998,14260586,Uncategorized,2026-04-16 02:00:59,,,
678 848-5,Take That,Odyssey,Polydor,"2xCD, Album",,2018,12842128,Uncategorized,2024-06-26 00:26:26,,,
837 896-2,The Style Council,The Singular Adventures Of The Style Council (Greatest Hits Vol. 1),Polydor,"CD, Comp",,1989,1775045,Uncategorized,2024-06-26 00:45:26,,,
9859043,Level 42,The Definitive Collection,Polydor,"CD, Comp",,2006,3248872,Uncategorized,2026-04-16 09:41:58,,,
9868455,Ronan Keating,10 Years Of Hits,Polydor,"CD, Comp, S/Edition",,2004,16157074,Uncategorized,2024-06-26 00:52:17,,,
987 824-0,James Morrison (2),Undiscovered,Polydor,"CD, Album",,2006,934973,Uncategorized,2025-10-22 11:56:22,,,
ACBR 264,James Brown,Get Up Offa That Thing,Polydor,"LP, Album, Club",,1976,834751,Uncategorized,2025-12-02 12:06:46,,,
POLD 5168,Various,Breakdance 2 Is Electric Boogaloo (Original Soundtrack Album),Polydor,"LP, Album",,1984,124980,Uncategorized,2025-07-07 12:37:45,,,
POLH 42,Level 42,Running In The Family,Polydor,"LP, Album, W/Lbl",,1987,14786072,Uncategorized,2025-12-02 12:56:50,,,
POLS 1036,Level 42,Level 42,Polydor,"LP, Album",,1981,181779,Uncategorized,2025-12-02 11:26:21,,,
2787091,Lana Del Rey,Born To Die,"Polydor, Interscope Records","CD, Album",,2012,3365117,Uncategorized,2025-10-22 12:03:52,,,
2391 378,Peaches & Herb,2 Hot!,"Polydor, MVP Records","LP, Album",,1978,1362136,Uncategorized,2025-12-02 11:22:45,,,
"2383 428, 2383428",The Hollies,Hollies Live Hits,"Polydor, Polydor","LP, Album",,1976,1586954,Uncategorized,2026-07-17 12:30:39,,,
"837 247-1, POLH 50",Level 42,Staring At The Sun,"Polydor, Polydor","LP, Album",,1988,119995,Uncategorized,2025-12-03 11:54:14,,,
"AYERS 12, 2066 982",Roy Ayers,"Get On Up, Get On Down","Polydor, Polydor","12""",,1978,46120,Uncategorized,2024-06-23 00:47:29,,,
"LEVTV 1, 841 399-1",Level 42,Level Best,"Polydor, Polydor","LP, Comp, Mat",,1989,11878638,Uncategorized,2026-03-27 13:44:49,,,
"POLD 5034, 2302 102",Roger Daltrey,McVicar (Original Soundtrack Recording),"Polydor, Polydor","LP, Album",,1980,7291226,Uncategorized,2024-06-22 23:00:25,,,
"POLD 5110, 813 865-1",Level 42,Standing In The Light,"Polydor, Polydor","LP, Album",,1983,546629,Uncategorized,2026-03-27 13:50:56,,,
"POLD 5147, 821 919-4",Various,Breakdance - Original Motion Picture Soundtrack,"Polydor, Polydor","LP, Comp",,1984,225554,Uncategorized,2026-03-06 12:03:31,,,
"POLD 5148, 823 304-1",Shakatak,Down On The Street,"Polydor, Polydor","LP, Album",,1984,1320359,Uncategorized,2025-12-02 12:50:21,,,
"POLH 25, 827 487-1",Level 42,World Machine,"Polydor, Polydor","LP, Album, TP, W/Lbl",,1985,14099325,Uncategorized,2025-12-03 12:12:47,,,
"POLS 1005, 2480 406",Various,Steppin' Out - Disco's Greatest Hits,"Polydor, Polydor","LP, Comp, Mixed",,1978,1343183,Uncategorized,2025-12-02 11:17:43,,,
"POSXX 842, POSPX 842",Level 42,Running In The Family (Extended Version) / World Machine (Shep Pettibone Mix),"Polydor, Polydor","2x12"", Single, Ltd, Gat",,1987,977708,Uncategorized,2026-07-17 13:19:00,,,
5894122,Lighthouse Family,Whatever Gets You Through The Day,"Polydor, Wildcard","CD, Album, S/Edition",,2001,1370067,Uncategorized,2026-04-02 08:19:33,,,
PSPCD301,Various,Heroes & Legends,"Polygram Special Markets, Philips","CD, Comp, Promo",,1993,5917780,Uncategorized,2026-04-16 09:40:10,,,
9198 174,Various,Boogie Bus,Polystar (3),"LP, Album, Comp, Mixed",,1979,207162,Uncategorized,2024-06-23 00:55:55,,,
"ROS TV1, ROSTV 1, ROSTV1",Various,Champagne And Roses,"Polystar (3), Polystar (3), Polystar (3)","LP, Comp",,1980,1923462,Uncategorized,2024-06-23 00:08:59,,,
EMIV 2096,Gorgon City,Salvation,"Positiva, EMI","LP, Album",,2023,27729114,Uncategorized,2026-03-15 12:11:17,Near Mint (NM or M-),Near Mint (NM or M-),
PRSLP 6002,Sharon Redd,Beat The Street - The Very Best Of Sharon Redd,Prelude Records,"LP, Album, Comp",,1984,1160159,Uncategorized,2026-03-27 15:04:52,,,
SPLP-7062,D-Train,"The Best Of The 12"" Mixes","Prelude Records, Unidisc","2xLP, RSD, Comp, 180",,2026,37126098,Uncategorized,2026-04-21 06:14:53,Near Mint (NM or M-),Near Mint (NM or M-),
PTVR 1,Various,The Very Best Of Entertainment From The USA (Volume Two),PriorityV Records Ltd,"LP, Comp",,1986,1949664,Uncategorized,2025-12-02 12:35:50,,,
PLATCD 550,Dinah Washington,Stairway To The Stars,Prism Leisure Corporation,"CD, Comp",,1999,25031938,Uncategorized,2026-05-05 09:52:44,,,
"PRO LP 4, PROLP 4,  814 930-1",Various,Formula 30,"Pro TV London, Pro TV London, Pro TV London","2xLP, Comp",,1983,903957,Uncategorized,2026-04-04 07:55:27,,,
pur002,Quarterback,Dis One,Pursuit Records,"12""",,1993,125109,Uncategorized,2024-06-23 00:22:36,,,
NPL 28064,Dionne Warwick,The Best Of Dionne Warwick,PYE International,"LP, Comp",,1965,2327739,Uncategorized,2026-07-17 12:52:14,,,
MM 4,Various,Melody Maker Front Runners '77,Pye Records,"LP, Comp",,1977,5995999,Uncategorized,2025-12-02 12:05:04,,,
QUAB 1001,Various,Quadraphonic Sampler,Pye Records,"LP, Quad, Smplr",,1971,2876873,Uncategorized,2026-07-17 12:19:35,,,
QTVCD005,Various,Temptation,Quality Television,"CD, Comp",,1992,29768983,Uncategorized,2025-10-05 12:09:10,,,
925 276-1,Patti Austin,Gettin' Away With Murder,Qwest Records,"LP, Album",,1985,22528730,Uncategorized,2025-12-02 12:17:39,,,
925 344-1,The Winans,Let My People Go,Qwest Records,"LP, Album",,1985,2353089,Uncategorized,2025-12-02 12:55:12,,,
RBDUB 1,Imagination,Night Dubbing,R & B Records,"LP, Album",,1983,348280,Uncategorized,2025-12-02 11:19:59,,,
RBLP 1001,Imagination,Body Talk,R & B Records,"LP, Album",,1981,1309638,Uncategorized,2025-12-02 11:51:23,,,
RBLP 1006,Imagination,Imagination Gold,R & B Records,"LP, Comp",,1983,409128,Uncategorized,2025-12-02 12:42:05,,,
RBLP 1006,Imagination,Imagination Gold,R & B Records,"LP, Comp",,1983,409128,Uncategorized,2026-03-27 13:46:51,,,Signed by band 
88697156912/4,The Hoosiers,& The Trick To Life,RCA,"CD, Album, Enh, Yel",,2007,1680359,Uncategorized,2026-04-16 09:43:35,,,
88765-47850-2,Justin Timberlake,The 20/20 Experience,RCA,"CD, Album",,2013,4582460,Uncategorized,2026-04-19 09:18:54,,,
88985-45485-1,Walk The Moon (2),What If Nothing,RCA,"LP, Pur + LP, Opa + Album",,2017,11136367,Uncategorized,2026-05-04 12:54:11,Near Mint (NM or M-),Mint (M),
BL86408,Various,Dirty Dancing (Original Soundtrack From The Vestron Motion Picture),RCA,"LP, Album, Comp",,1987,9162039,Uncategorized,2025-12-03 12:35:57,,,
NL 42757,Elvis Presley,The Sun Collection,RCA,"LP, Comp, Mono, RE",,1979,8326037,Uncategorized,2026-03-30 11:44:20,,,
PL 71245,The Blow Monkeys,She Was Only A Grocer's Daughter,RCA,"LP, Album",,1987,1005973,Uncategorized,2025-12-02 11:56:01,,,
PL 81732,David Bowie,ChangesOneBowie,RCA,"LP, Comp, RE",,1984,27623556,Uncategorized,2025-11-27 12:01:54,,,
PL89901,Bruce Hornsby And The Range,The Way It Is,RCA,"LP, Album",,1986,11572134,Uncategorized,2025-12-02 11:50:28,,,
"CDS 1155, CAL 2428",Elvis Presley,Elvis' Christmas Album,"RCA Camden, RCA Camden, Camden","LP, Album, RE",,1975,1192743,Uncategorized,2026-07-17 12:29:33,,,
INTS. 1005,Sam Cooke,The One And Only Sam Cooke,RCA International (Camden),"LP, Comp",,1969,3792228,Uncategorized,2024-06-22 23:22:48,,,
INTS1091,The John Cacavas Orchestra,Music from the Paramount Motion Picture Paint Your Wagon,RCA International (Camden),LP,,1970,19615861,Uncategorized,2024-06-22 23:03:29,,,
"PL 71529, PL-71529",Rick Astley,Whenever You Need Somebody,"RCA Victor, RCA Victor","LP, Album",,1987,1212062,Uncategorized,2024-06-23 00:55:21,,,
"RB.6616, RB-6616, RB-66 16, RB 6616",Rodgers & Hammerstein - Julie Andrews,The Sound Of Music (An Original Soundtrack Recording),"RCA Victor, RCA Victor, RCA Victor, RCA Victor","LP, Album, Mono",,1965,16300702,Uncategorized,2024-06-22 22:55:35,,,
PD 75326,Annie Lennox,Diva,"RCA, BMG Records (UK) Ltd.","CD, Album",,1992,410779,Uncategorized,2026-04-16 02:00:09,,,
82876 610419,Kane (2),February,"RCA, BMG The Netherlands","DVD-V, Comp, PAL",,2004,6674616,Uncategorized,2025-08-20 12:03:54,,,
"74321903082, 74321 903082",Westlife,World Of Our Own,"RCA, RCA","CD, Album, Son",,2001,1126626,Uncategorized,2024-06-26 00:52:06,,,
"BD 86965, BD86965",Various,"More Dirty Dancing (More Original Music From The Hit Motion Picture ""Dirty Dancing"")","RCA, RCA","CD, Album, Comp",,1988,18040471,Uncategorized,2024-06-26 00:44:57,,,
"PARADISE16, 82876 63838 2",Kasabian,Kasabian,"RCA, RCA","CD, Album, Copy Prot., RP",,0,12086150,Uncategorized,2026-05-05 09:47:24,,,
"PL 86686, PL86686",Bruce Hornsby And The Range,Scenes From The Southside,"RCA, RCA","LP, Album",,1988,612881,Uncategorized,2025-12-03 12:11:01,,,
"RCALP 3093, FL 14337",Evelyn King,Get Loose,"RCA, RCA","LP, Album",,1982,328020,Uncategorized,2025-12-02 11:16:35,,,
"RCALP 6056, PL 14383",Daryl Hall & John Oates,H₂O,"RCA, RCA","LP, Album",,1982,742121,Uncategorized,2025-12-02 11:48:22,,,
82876 745382,Westlife,Face To Face,"RCA, Sony BMG Music Entertainment, S Records","CD, Album",,2005,1571013,Uncategorized,2024-06-26 00:51:50,,,
88875140832,Elvis Presley With The  Royal Philharmonic Orchestra,If I Can Dream,"RCA, Sony Music","CD, Album, Son",,2015,25848094,Uncategorized,2024-06-26 00:38:59,,,
88985361062,Rebecca Ferguson,Superwoman,"RCA, Syco Music, Sony Music","CD, Album",,2016,9196051,Uncategorized,2026-02-10 04:08:15,,,
GELV-6A,Elvis Presley,Elvis Presley's Greatest Hits,Reader's Digest,"7xLP, Comp, RCA + Box",,1978,8068988,Uncategorized,2026-03-24 07:42:30,,,
"LELV-A-750, K04007KK, 82876843412",Elvis Presley,The Definitive Collection,"Reader's Digest, Reader's Digest, Reader's Digest, Sony BMG Music Entertainment, Sony BMG Music Entertainment, Sony BMG Music Entertainment","5xCD, Comp",,2005,8357151,Uncategorized,2024-06-26 00:38:23,,,
SOHOLP 3,Break Machine,Break Machine,Record Shack Records,"LP, Album",,1984,257834,Uncategorized,2026-04-28 15:33:11,Very Good (VG),Very Good (VG),
REG2536,Led Zeppelin,Retrospectives: Led Zeppelin's IV,Regeneration Music Ltd.,"CD, Unofficial",,2007,3318883,Uncategorized,2025-10-05 11:53:43,,,
"CDRELX06, 0724386024626",KT Tunstall,Eye To The Telescope,"Relentless Records, Virgin","CD, Album, Med",,2005,17785963,Uncategorized,2026-04-16 09:38:29,,,
8122-79885-7,Bee Gees,Number Ones,Reprise Records,"CD, Comp, RE",,2011,3285616,Uncategorized,2026-02-10 04:55:46,,,
925 496-1,Roger Troutman,Unlimited!,Reprise Records,"LP, Album",,1987,573315,Uncategorized,2025-12-02 12:52:07,,,
9362-46712-2,Frank Sinatra,My Way (The Best Of Frank Sinatra),Reprise Records,"2xCD, Comp",,1997,6548223,Uncategorized,2026-02-10 04:58:01,,,
"K 54008, MS-2118",The Beach Boys,Holland,"Reprise Records, Brother Records (3), Reprise Records","LP, Album + 7""",,1973,1400497,Uncategorized,2024-06-23 00:46:22,,,
9362-45024-2,Eric Clapton,Unplugged,"Reprise Records, Duck Records (2)","CD, Album, RP, Cin",,0,5251109,Uncategorized,2026-02-10 04:46:53,,,
"9362-49449-7, 9362494497",Michael Bublé,To Be Loved,"Reprise Records, Reprise Records","CD, Album",,2013,27605628,Uncategorized,2024-06-26 00:47:43,,,
9362-46867-2,Various,Music From And Inspired By The City Of Angels Motion Picture,"Reprise Records, Warner Sunset Records","HDCD, Comp",,1998,848529,Uncategorized,2025-10-22 12:30:32,,,
RVLP 17,Rod Stewart,Absolutely Live,Riva (2),"2xLP, Album, Gat",,1982,2927291,Uncategorized,2025-09-11 11:40:30,,,
RVLP 5,Rod Stewart,Foot Loose & Fancy Free,Riva (2),"LP, Album",,1977,6053132,Uncategorized,2026-01-06 06:52:02,,,
"ROD TV 1, RODTV 1",Rod Stewart,Greatest Hits Vol. 1,"Riva (2), Riva (2)","LP, Comp, WEA",,1979,552490,Uncategorized,2024-06-22 22:30:09,,,
"RVLP 1, RVLP1",Rod Stewart,A Night On The Town,"Riva (2), Riva (2)","LP, Album",,1976,1367468,Uncategorized,2026-01-06 06:54:46,,,
"RVLP 8, RVLP8, BSK 3261",Rod Stewart,Blondes Have More Fun,"Riva (2), Riva (2), Riva (2)","LP, Album, Gat",,1978,10514383,Uncategorized,2024-06-22 23:25:15,,,
"724381337820, 8133252, CDVDX2964, 7243813325 28",The Rolling Stones,Forty Licks,"Rolling Stones Records, Virgin, ABKCO, Decca, Virgin, Virgin, Virgin","2xCD, Comp, Sli",,2002,8049005,Uncategorized,2026-02-10 04:09:24,,,
MR 2002/3,Various,That'll Be The Day,Ronco,"2xLP, Comp, Mono",,1973,330438,Uncategorized,2024-06-23 00:13:00,,,
RTD 2029,Various,The Stud,Ronco,"LP, Album, Comp, Gat",,1978,566809,Uncategorized,2026-04-04 07:51:39,,,
RTD 2036,London Philharmonic Orchestra,Cinema & Broadway Gold,Ronco,"2xLP, Ltd, Gat",,1979,8146563,Uncategorized,2025-09-23 01:32:11,,,
RTD 2038,Various,"The World Is Full Of Married Men, Disco Hits From The Film Soundtrack",Ronco,"2xLP, Album, Comp",,1979,1305063,Uncategorized,2024-06-22 22:56:03,,,
88985424582,Roy Orbison With Royal Philharmonic Orchestra,A Love So Beautiful,"Roy's Boys, Monument, Legacy","CD, Album",,2017,11159293,Uncategorized,2024-06-26 00:17:56,,,
2394-169,Bee Gees,Children Of The World,RSO,"LP, Album",,1976,1745759,Uncategorized,2025-12-02 12:36:51,,,
2658 123,Various,Saturday Night Fever (The Original Movie Soundtrack),RSO,"2xLP, Comp, Gat",,1977,11970193,Uncategorized,2024-06-22 23:06:07,,,
"RSBG 001, 2479 222",Bee Gees,Spirits Having Flown,"RSO, RSO","LP, Album, Gat",,1979,19304542,Uncategorized,2024-06-23 00:43:19,,,
"RSBG 001, 2479 222",Bee Gees,Spirits Having Flown,"RSO, RSO","LP, Album, Gat",,1979,4496176,Uncategorized,2025-12-02 12:53:39,,,
"RSBG 002, 2479289",Bee Gees,Living Eyes,"RSO, RSO","LP, Album, Gat",,1981,2541685,Uncategorized,2024-06-22 22:41:45,,,
"TRSD 2001, 3524 205",Various,Grease (The Original Soundtrack From The Motion Picture),"RSO, RSO","Cass, Album",,1978,3733251,Uncategorized,2024-06-23 00:57:10,,,
"RSD 2001, 2658 125, 2479 210/211",Various,Grease (The Original Soundtrack From The Motion Picture),"RSO, RSO, RSO","2xLP, Album, Gat",,1978,6123982,Uncategorized,2024-06-22 22:19:38,,,
RWXLP395,Wyvern Lingo,Awake You Lie,Rubyworks,LP,,2021,17641354,Uncategorized,2026-04-25 14:49:39,Mint (M),Mint (M),
88697019822,Westlife,The Love Album,"S Records, Sony BMG Music Entertainment, RCA Label Group","CD, Album, EDC",,2006,13514386,Uncategorized,2024-06-26 00:51:41,,,
SANCD128,Alison Moyet,Hometime,Sanctuary,"CD, Album",,2002,4419218,Uncategorized,2026-02-10 04:41:35,,,
UPFT 11,Various,Upfront Eleven,Serious Records (2),"LP, Comp",,1988,93610,Uncategorized,2025-11-18 11:52:42,,,
UPFT 2,Various,Upfront 2,Serious Records (2),"2xLP, Album, Comp, P/Mixed",,1986,210996,Uncategorized,2024-06-23 01:09:41,,,
UPFT 3,Various,Upfront 3,Serious Records (2),"2xLP, Album, Comp, P/Mixed",,1986,163682,Uncategorized,2024-08-06 05:51:45,,,
UPFT 4,Various,Upfront 4,Serious Records (2),"LP, Comp",,1987,12586,Uncategorized,2024-06-23 01:09:11,,,
UPFT 6,Various,Upfront 6 - The Cat's Whiskers,Serious Records (2),"LP, Comp",,1987,80849,Uncategorized,2025-11-18 11:50:34,,,
UPFT 8,Various,Upfront 8 - Solid State,Serious Records (2),"2xLP, Comp, P/Mixed",,1987,113826,Uncategorized,2024-06-23 01:09:26,,,
"UPFT 1, UPFT1",Various,Upfront 1,"Serious Records (2), Serious Records (2)","2xLP, Album, Comp, P/Mixed",,1986,112689,Uncategorized,2025-10-08 05:08:30,,,
"UPFT 10, UPFT10",Various,Upfront 10,"Serious Records (2), Serious Records (2)","2xLP, Comp, P/Mixed",,1988,78732,Uncategorized,2026-02-26 06:22:14,Very Good Plus (VG+),Very Good Plus (VG+),
"UPFT 5, UPFT5",Various,Upfront 5,"Serious Records (2), Serious Records (2)","LP, Comp",,1987,254049,Uncategorized,2024-06-23 01:09:55,,,
"UPFT 7, UPFT7",Various,Upfront 7 (Chilled in Heaven),"Serious Records (2), Serious Records (2)","LP, Comp",,1987,85534,Uncategorized,2026-02-13 05:06:35,,,
"UPFT 9, UPFT9",Various,Upfront 9 - A Sign Of The Times,"Serious Records (2), Serious Records (2)","2xLP, Comp",,1987,65283,Uncategorized,2025-10-08 05:09:09,,,
"50551317 0015 7, SRA001CDX, SPVCD+DVD902-66168, 50",Simply Red,Home,"simplyred.com, simplyred.com, simplyred.com, simplyred.com","CD, Album, RE + DVD-V + Ltd, Sli",,2003,3497836,Uncategorized,2024-06-26 00:49:12,,,
92 56641,The Pretenders,The Singles,Sire,"LP, Comp",,1987,1676077,Uncategorized,2026-06-03 02:01:10,,,
7599 26440 2,Madonna,The Immaculate Collection,"Sire (2), Warner Bros. Records (2)","CD, Comp, RE, Unofficial",,0,10602381,Uncategorized,2025-10-05 12:12:41,,,
"WX 20P, 925 181-1",Madonna,Like A Virgin,"Sire, Sire","LP, Album, Ltd, Pic",,1985,2157832,Uncategorized,2026-03-05 08:15:19,,,
"7599-26440-1, WX 370, WX370",Madonna,The Immaculate Collection,"Sire, Sire, Warner Bros. Records","2xLP, Comp, Gat",,1990,12854953,Uncategorized,2026-03-05 08:16:10,,,
SRN LP8,T'Pau,Bridge Of Spies,Siren (3),"LP, Album",,1987,423522,Uncategorized,2025-09-23 01:54:36,,,
SRNLP 12,Breathe (3),All That Jazz,Siren (3),"LP, Album, RE",,1988,1859340,Uncategorized,2025-12-02 12:27:57,,,
SRNLP 14,Jermaine Stewart,Say It Again,Siren (3),"LP, Album",,1987,261080,Uncategorized,2025-12-02 13:04:02,,,
"CD SRN12, CDSRN 12",Breathe (3),All That Jazz,"Siren (3), Siren (3)","CD, Album",,1988,1098096,Uncategorized,2026-02-10 04:40:42,,,
MESMCD 001,Lari White,Green Eyed Soul,Skinny WhiteGirl Records,"CD, Album, Dlx",,2004,6823451,Uncategorized,2026-02-10 04:35:32,,,
"SOLA-1, FL 13521",The Whispers,The Whispers,"Solar, Solar","LP, Album",,1979,1022375,Uncategorized,2025-12-03 11:58:20,,,
"SOL K 52 306 , S 20, K 52 306",Dynasty,The Second Adventure,"Solar, Solar, Solar","LP, Album",,1981,2810007,Uncategorized,2025-12-02 12:13:58,,,
BZLP 2,Soft Cell,Non-Stop Erotic Cabaret,Some Bizzare,"LP, Album",,1981,238877,Uncategorized,2025-09-23 02:05:00,,,
82876833092,Various,Radio 1's Live Lounge,Sony BMG Music Entertainment,"2xCD, Comp",,2006,1016690,Uncategorized,2026-02-08 04:49:45,,,
886973109021,Various,Nite Flite (Late Night Classics),Sony BMG Music Entertainment,"2xCD, Comp",,2008,13512201,Uncategorized,2026-05-05 09:51:51,,,
88697164462,Various,Radio 1's Live Lounge: Volume 2,"Sony BMG Music Entertainment, Universal Music","2xCD, Album, Comp, EDC",,2007,15720033,Uncategorized,2026-02-08 04:46:24,,,
19802833511,JLS (3),J15,Sony Music,"2x12"", Comp, Whi",,2024,32411481,Uncategorized,2025-11-04 02:30:44,,,
88697303802,Rick Astley,Ultimate Collection,Sony Music,"CD, Comp",,2008,12667967,Uncategorized,2024-06-26 00:25:25,,,
88697581272,Alison Moyet,The Best Of,Sony Music,"CD, Comp, RM",,2009,2046388,Uncategorized,2026-02-10 04:41:48,,,
88875035982,Trevor Nelson,The Trevor Nelson Collection 3,Sony Music,"3xCD, Comp",,2015,8075960,Uncategorized,2026-04-02 08:16:01,,,
88883798812,Pete Tong,The Pete Tong Collection,Sony Music,"3xCD, Comp",,2013,6972301,Uncategorized,2026-07-05 01:54:06,,,
MOODCD46,Various,Fresh Hits 96,"Sony Music TV, Warner.ESP, Global Television","2xCD, Comp",,1996,1622258,Uncategorized,2026-02-10 04:52:05,,,
88697952552,Whitney Houston,The Ultimate Collection,"Sony Music, Arista","CD, Comp, RE, Sli",,2011,3396769,Uncategorized,2026-04-16 02:07:32,,,
88985398542,Rag'n'Bone Man,Human,"Sony Music, Best Laid Plans Records","CD, Album",,2017,24686687,Uncategorized,2025-11-17 11:50:24,,,
88883735812,JLS (3),Goodbye - The Greatest Hits,"Sony Music, RCA","CD, Comp",,2013,5868820,Uncategorized,2026-02-10 04:24:11,,,
88691959552,Various,Keep Calm And Relax,"Sony Music, Rhino Records (2)","3xCD, Comp",,2012,4916250,Uncategorized,2024-06-26 00:42:22,,,
88697982412,Various,BBC Radio 1's Live Lounge - Volume 6,"Sony Music, Rhino Records (2), Universal Music TV","2xCD, Comp",,2011,3301800,Uncategorized,2026-02-08 04:48:07,,,
"88697950322, 88697359692",Leona Lewis,Spirit,"Sony Music, Syco Music","CD, Album, Sli + DVD-V, PAL + Dlx",,2011,11711077,Uncategorized,2026-02-10 04:27:47,,,
88697607572,Various,Radio 1's Live Lounge - Volume 4,"Sony Music, Universal Music TV","2xCD, Comp",,2009,28238089,Uncategorized,2025-10-22 12:04:37,,,
88697793392,Various,BBC Radio 1's Live Lounge - Volume 5,"Sony Music, Universal Music TV","2xCD, Comp",,2010,9619661,Uncategorized,2025-10-22 12:04:09,,,
"A-75-A, A-75",Oliver Nelson,More Blues And The Abstract Truth,"Sparton Impulse! Records, Impulse!","LP, Album, Mono, Gat",,1965,28544071,Uncategorized,2026-07-17 12:45:35,,,
554 1442,Various,Motown Chartbusters Volume 1,Spectrum,"CD, Album, Comp, Red",,0,35748892,Uncategorized,2026-04-02 08:20:52,,,
550 006-2,The Jam,Beat Surrender,Spectrum Music (2),"CD, Comp, RE",,1998,8167606,Uncategorized,2026-04-16 09:41:31,,,
554 1462,Various,Motown Chartbusters Volume 3,Spectrum Music (2),"CD, Comp, RE",,1997,29373013,Uncategorized,2026-04-02 08:20:36,,,
"7765966, 00602577659669",UB40,Red Red Wine (The Collection),"Spectrum Music (2), Spectrum Music (2)","LP, Comp",,2019,14007199,Uncategorized,2025-10-22 12:35:43,,,
MCD19509,Neil Diamond,The Best Of Neil Diamond,"Spectrum Music (2), Universal","CD, Comp, RE",,0,14672025,Uncategorized,2026-04-16 02:04:21,,,
"SPEC2072, 0600753297797",Rod Stewart,You Wear It Well - The Collection,"Spectrum Music (2), Universal UMC","CD, Comp",,2011,8601966,Uncategorized,2025-11-17 11:49:45,,,
2391 356,Millie Jackson,Get It Out'cha System,Spring Records,"LP, Album",,1978,969400,Uncategorized,2025-12-03 12:01:01,,,
ACBR 265,The Fatback Band,The Best Of The Fatback Band,Spring Records,"LP, Comp, Club",,1976,3495219,Uncategorized,2025-12-02 11:25:53,,,
K25G-7283,Shigeaki Saegusa,Mobile Suit Z Gundam BGM Collection Vol.3 = 機動戦士Zガンダム BGM集 Vol.3,Starchild,"LP, 1st",,1985,4709504,Uncategorized,2026-03-15 12:12:49,,,
2325-011,Isaac Hayes,Hot Buttered Soul,Stax,"LP, Album, RE",,1971,3460360,Uncategorized,2024-06-22 23:11:27,,,
"STE LP02, STE LP 02",Mezzoforte,Surprise Surprise,"Steinar, Steinar","LP, Album",,1982,594805,Uncategorized,2025-12-02 12:00:30,,,
601098,Madness,The Sun And The Rain,Stiff Records,"12""",,1983,3627338,Uncategorized,2024-06-22 22:18:56,,,
BUY IT 134,Madness,Mrs Hutchinson/It Must Be Love/Shadow On The House,Stiff Records,"12""",,1981,1277787,Uncategorized,2024-06-23 00:51:22,,,
buy it 163,Madness,Our House,Stiff Records,"12"", Single",,1982,479490,Uncategorized,2024-06-23 00:37:12,,,
BUYIT 181,Madness,Wings Of A Dove,Stiff Records,"12"", Single, Emb",,1983,479492,Uncategorized,2024-06-23 00:10:37,,,
HIT-TV1,Madness,Complete Madness,Stiff Records,"LP, Comp, CBS",,1982,370989,Uncategorized,2024-06-22 22:26:28,,,
"BUY IT 169, BUYIT 169",Madness,"Tomorrow's Just Another Day (Warped 12"" Version)","Stiff Records, Stiff Records","12"", Ltd",,1983,449214,Uncategorized,2024-06-22 23:25:41,,,
"Buy it 196, 601287",Madness,Michael Caine,"Stiff Records, Stiff Records","12""",,1984,4466329,Uncategorized,2024-06-22 23:17:54,,,
"BUY IT 62, BUYIT 62",Madness,My Girl,"Stiff Records, Stiff Records","12""",,1980,479207,Uncategorized,2024-06-23 00:08:28,,,
"BUYIT 201, Buy It 201",Madness,One Better Day,"Stiff Records, Stiff Records","12""",,1984,395734,Uncategorized,2024-06-23 00:37:44,,,
ARTIS 1,Various,The Artists,Street Sounds,"2xLP, Comp",,1985,567452,Uncategorized,2026-01-04 02:55:38,,,
ARTIS 1,Various,The Artists,Street Sounds,"2xLP, Comp",,1985,567452,Uncategorized,2026-02-10 06:46:38,Very Good Plus (VG+),Good (G),
ARTIS 2,Various,The Artists Volume Two,Street Sounds,"2xLP, Comp",5,1985,590258,Uncategorized,2025-10-21 09:47:23,,,
ARTIS 3,Womack & Womack / The O'Jays / The S.O.S. Band / Kleeer,The Artists Volume III,Street Sounds,"2xLP, Comp",,1985,590276,Uncategorized,2026-01-04 02:56:16,,,
ARTIS 3,Womack & Womack / The O'Jays / The S.O.S. Band / Kleeer,The Artists Volume III,Street Sounds,"2xLP, Comp",,1985,590276,Uncategorized,2026-02-10 06:46:39,Near Mint (NM or M-),Near Mint (NM or M-),
DEC 7383,Various,The Dance Decade 1973-1983,Street Sounds,"14xLP, Comp, Ltd + Box",,1983,664967,Uncategorized,2026-03-09 16:02:41,Very Good Plus (VG+),Very Good Plus (VG+),
PHST 1986,Various,The Philadelphia Story,Street Sounds,"14xLP, Comp, Ltd + Box",,1986,884300,Uncategorized,2026-03-09 16:02:40,Near Mint (NM or M-),Very Good Plus (VG+),
SLJAM 1,Various,Slow Jam 1,Street Sounds,"LP, Comp",,1986,1114610,Uncategorized,2025-10-08 05:08:15,,,
SLJAM 2,Various,Slow Jam 2,Street Sounds,"LP, Comp",,1987,1120688,Uncategorized,2025-10-08 05:09:48,,,
SOLBX 1,Various,The Solar Box Set,Street Sounds,"8xLP, Comp, Ltd + Box",,1988,624277,Uncategorized,2026-02-26 06:22:05,Mint (M),Very Good Plus (VG+),
SSGO 1,Various,Gotta Go Go,Street Sounds,"LP, Comp, P/Mixed",,1986,344302,Uncategorized,2025-10-21 09:47:08,,,
STSND 001,Various,Street Sounds Edition 1,Street Sounds,"LP, Comp",,1982,112290,Uncategorized,2025-11-26 11:39:40,,,
STSND 002,Various,Street Sounds Edition 2,Street Sounds,"LP, Comp",,1983,360817,Uncategorized,2025-11-26 11:39:58,,,
STSND 003,Various,Street Sounds Edition 3,Street Sounds,"LP, Comp",,1983,246269,Uncategorized,2025-10-21 09:47:17,,,
STSND 004,Various,Street Sounds Edition 4,Street Sounds,"LP, Comp",,1983,2587782,Uncategorized,2025-10-08 05:07:56,,,
STSND 005,Various,Street Sounds Edition 5,Street Sounds,"LP, Comp",,1983,112284,Uncategorized,2025-10-16 08:50:29,,,
STSND 006,Various,Street Sounds Edition 6,Street Sounds,"LP, Comp",,1983,112288,Uncategorized,2025-10-21 09:47:29,,,
STSND 007,Various,Street Sounds Edition 7,Street Sounds,"LP, Comp",,1983,360821,Uncategorized,2025-10-16 08:51:26,,,
STSND 008,Various,Street Sounds Edition 8,Street Sounds,"LP, Comp",,1984,212240,Uncategorized,2025-06-26 12:36:15,,,
STSND 009,Various,Street Sounds Edition 9,Street Sounds,"LP, Comp",,1984,171856,Uncategorized,2025-10-16 08:51:45,,,
STSND 010,Various,Street Sounds Edition 10,Street Sounds,"LP, Comp",,1984,80228,Uncategorized,2025-11-26 11:39:17,,,
STSND 011,Various,Street Sounds Edition 11,Street Sounds,"LP, Comp",,1984,141244,Uncategorized,2025-06-26 12:08:22,,,
STSND 13,Various,Street Sounds Edition 13,Street Sounds,"LP, Comp",,1985,208500,Uncategorized,2025-06-26 12:09:25,,,
STSND 14,Various,Street Sounds Edition 14,Street Sounds,"LP, Comp",,1985,80243,Uncategorized,2024-08-06 05:53:23,,,
STSND 15,Various,Street Sounds Edition 15,Street Sounds,"LP, Comp",,1985,510496,Uncategorized,2025-06-26 12:27:03,,,
STSND 16,Various,Street Sounds Edition 16,Street Sounds,"LP, Comp",,1986,112682,Uncategorized,2025-06-26 12:31:21,,,
STSND 17,Various,Street Sounds Edition 17,Street Sounds,"LP, Comp",,1986,112287,Uncategorized,2025-09-23 01:59:21,,,
STSND 18,Various,Street Sounds Edition 18,Street Sounds,"LP, Comp",,1986,424779,Uncategorized,2024-08-06 05:55:28,,,
STSND 19,Various,Street Sounds Edition 19,Street Sounds,"LP, Comp",,1986,116819,Uncategorized,2025-06-26 12:20:09,,,
STSND 20,Various,Street Sounds Edition 20,Street Sounds,"LP, Comp",,1987,88938,Uncategorized,2025-12-10 07:06:36,,,
STSND 871,Various,Street Sounds ‘87-1,Street Sounds,"2xLP, Comp",,1987,198367,Uncategorized,2024-06-23 01:10:58,,,
STSND 872,Various,Street Sounds '87-2,Street Sounds,"LP, Comp",,1987,173371,Uncategorized,2025-06-26 12:24:00,,,
STSND 881,Various,Street Sounds 88-1,Street Sounds,"LP, Comp",,1988,208534,Uncategorized,2026-06-11 06:18:15,,,
"SJLAM 3, SL JAM 3",Various,Slow Jam 3,"Street Sounds, Street Sounds","LP, Comp",,1987,568642,Uncategorized,2025-10-21 10:59:51,,,
"STSND 12, STSND 012",Various,Street Sounds Edition 12,"Street Sounds, Street Sounds","LP, Comp",,1985,203272,Uncategorized,2025-11-26 11:39:26,,,
STR 32234,Various,Streetnoise Vol. 1,"Streetwave, Epic","LP, Comp",,1982,529823,Uncategorized,2025-12-02 11:42:32,,,
STYRL 019,Gladys Knight And The Pips,Soul Sisters,Style Records,"LP, Comp",,1989,5912461,Uncategorized,2025-09-23 01:26:35,,,
STYRL 022,Billy Ocean,Funk Masters: Billy Ocean,Style Records,"LP, Comp",,1989,6825174,Uncategorized,2024-06-22 23:04:49,,,
SMR 8501,Various,Night Beat,Stylus (5),"2xLP, Comp",,1985,1938940,Uncategorized,2026-03-22 23:44:22,,,
SMR 858,Various,The Greatest Ever Rock 'N' Roll Mix,Stylus (5),"2xLP, Comp, Mixed",,1988,2599957,Uncategorized,2025-12-02 12:50:53,,,
SMD 866,Aswad,Renaissance (20 Crucial Tracks),Stylus Music,"CD, Comp",,1988,1578327,Uncategorized,2026-04-16 02:00:20,,,
SMD 996,Various,Pure Soft Metal: It Takes Your Breath Away,Stylus Music,"CD, Comp",,1989,2899321,Uncategorized,2026-04-16 09:43:48,,,
SMR 855,Various,Sixties Mix Two,Stylus Music,"2xLP, Comp, Mixed",,1988,1899634,Uncategorized,2024-06-22 22:45:14,,,
"SMR 8615, SMR 8615 RM",Shalamar,The Greatest Hits,"Stylus Music, Stylus Music","LP, Comp + 12""",,1986,445535,Uncategorized,2025-07-20 04:17:15,,,
SHL 139,Grandmaster Melle Mel & The Furious Five,Step Off,Sugar Hill Records,"12""",,1984,20698,Uncategorized,2024-06-22 23:23:39,,,
"SU2, SU 2",Mel & Kim,F.L.M.,"Supreme Records (3), Supreme Records (3)","LP, Album",,1987,8349750,Uncategorized,2024-06-22 22:32:47,,,
"SYRLP 1, SYR LP 1",Technotronic,Pump Up The Jam,"Swanyard Records Ltd, Swanyard Records Ltd","LP, Album",,1989,150899,Uncategorized,2025-12-03 12:21:57,,,
SWR002,Depeche Mode,The Singles 86 > 98 Cologne 1998>10>05,Swingin' Wolf,"LP, Unofficial, Cle",,2025,35341177,Uncategorized,2026-01-06 04:49:30,,,
88725 444802,Rebecca Ferguson,Heaven,"Syco Music, RCA, Sony Music","CD, Album, Dlx",,2012,4943590,Uncategorized,2026-02-10 04:08:00,,,
88883777102,Rebecca Ferguson,Freedom,"Syco Music, RCA, Sony Music","CD, Album",,2013,6039381,Uncategorized,2026-02-10 04:08:28,,,
88691925052,Little Mix,Cannonball,"Syco Music, Sony Music","CD, Single",,2011,3293302,Uncategorized,2024-06-26 00:53:16,,,
S TKR 82502,T-Connection,On Fire,T.K. Records,"LP, Album, Gat",,1977,812590,Uncategorized,2025-12-02 11:33:51,,,
450936 1,Alexander O'Neal,Hearsay,Tabu Records,"LP, Album",,1987,257229,Uncategorized,2024-06-23 00:07:50,,,
460734 1,Cherrelle,Affair,Tabu Records,"LP, Album",,1988,29576959,Uncategorized,2025-12-02 12:23:47,,,
463152 1,Alexander O'Neal,My Gift To You,Tabu Records,"LP, Album",,1988,5697678,Uncategorized,2025-12-02 11:39:57,,,
465882 2,Alexander O'Neal,All True Man,Tabu Records,"CD, Album",,1991,659255,Uncategorized,2026-02-10 04:42:11,,,
MIXUP 1,Alexander O'Neal,Hearsay - All Mixed Up,Tabu Records,"LP, Album",,1988,27501486,Uncategorized,2025-12-02 12:25:16,,,
TABUBOX 0002,Alexander O'Neal,The Tabu Anthology,Tabu Records,"8xCD, Comp, RM",,2013,5405241,Uncategorized,2025-10-05 11:59:38,,,
TBU 25476,The S.O.S. Band,On The Rise,Tabu Records,"LP, Album",,1983,2865816,Uncategorized,2025-10-05 08:38:12,,,
TBU 26485,Alexander O'Neal,Alexander O'Neal,Tabu Records,"LP, Album",,1985,574025,Uncategorized,2025-09-23 02:40:58,,,
TBU 26863,The S.O.S. Band,Sands Of Time,Tabu Records,"LP, Album",,1986,1615447,Uncategorized,2025-10-08 05:09:22,,,
"549 502-2 DJ, 549 502-2",Alexander O'Neal,Love Makes No Sense,"Tabu Records, A&M PM, A&M Records","CD, Album, Promo",,1993,15767805,Uncategorized,2026-04-02 08:18:53,,,
"TBU 26058, 26058",The S.O.S. Band,Just The Way You Like It,"Tabu Records, Tabu Records","LP, Album",,1984,3417189,Uncategorized,2025-10-05 08:36:43,,,
"TBU 26699, TABU 26699",Cherrelle,High Priority,"Tabu Records, Tabu Records","LP, Album",,1985,321499,Uncategorized,2025-12-03 11:55:57,,,
STMA 8025,The Temptations,Wings Of Love,Tamla Motown,"LP, Album",,1976,1581081,Uncategorized,2024-06-22 22:39:25,,,
TML 11061,Four Tops,Greatest Hits,Tamla Motown,"LP, Comp, Mono",,1968,1056242,Uncategorized,2024-06-23 00:27:16,,,
"STMA 8011, 0C 064 ◦ 94665",Stevie Wonder,Innervisions,"Tamla Motown, Tamla Motown","LP, Album, RE, Gat",,1973,611825,Uncategorized,2026-07-17 12:55:20,,,
"STMA 8015, 0C 064 · 94881",Diana Ross & Marvin Gaye,Diana & Marvin,"Tamla Motown, Tamla Motown","LP, Album",,1973,491835,Uncategorized,2026-03-27 13:36:43,,,
"STML 11137, 1E 062 ○ 90744",The Supremes,Cream Of The Crop,"Tamla Motown, Tamla Motown","LP, Album",,1970,2627691,Uncategorized,2026-01-06 04:46:13,,,
"STML 11214, 1E 062 ○ 93515",The Jackson 5,Lookin' Through The Windows,"Tamla Motown, Tamla Motown","LP, Album",,1972,1570927,Uncategorized,2025-11-27 13:38:35,,,
"STML 12158, 0C 062·64 448",Michael Jackson,One Day In Your Life,"Tamla Motown, Tamla Motown","LP, Comp",,1981,903049,Uncategorized,2024-09-26 06:30:50,,,
"STMS 5025, 0C 054-91 797",Stevie Wonder,Signed Sealed & Delivered,"Tamla Motown, Tamla Motown","LP, Album, RE",,1981,1415375,Uncategorized,2026-07-10 07:24:00,,,
"TML 11137, 1E 062·90 744 (M)",The Supremes,Cream Of The Crop,"Tamla Motown, Tamla Motown","LP, Album, Mono",,1970,4690806,Uncategorized,2024-06-22 22:44:24,,,
"0600753534236, TS-310",Marvin Gaye,What's Going On,"Tamla, Tamla","LP, Album, RE, 180",,2023,29060779,Uncategorized,2026-04-16 12:03:39,,,
STAR 2234,Marvin Gaye,Greatest Hits,Telstar,"LP, Comp, MP",,1983,5766643,Uncategorized,2026-03-15 12:07:37,,,
STAR 2298,Michael Jackson And Diana Ross,Love Songs,Telstar,"LP, Comp",,1988,16623600,Uncategorized,2025-12-02 13:01:56,,,
STAR 2316,Various,The Greatest Love,Telstar,"2xLP, Comp",,1988,1792086,Uncategorized,2026-04-04 07:50:44,,,
STAR 2380,Various,Deep Heat '89 - Fight The Flame,Telstar,"2xLP, Comp",,1989,7806803,Uncategorized,2024-06-21 13:07:18,,,
TCD 2519,Various,Disco Fever - 20 Funky Hits Of The Seventies,Telstar,"CD, Comp, PDO",,1991,16242375,Uncategorized,2026-04-16 02:01:58,,,
PL 71100,Five Star,Silk & Steel,"Tent, RCA","LP, Album",,1986,238586,Uncategorized,2025-12-03 12:28:17,,,
PL 71747,Five Star,Rock The World,"Tent, RCA","LP, Album",,1988,792467,Uncategorized,2025-12-02 13:01:11,,,
2713302,Jamie Cullum,The Pursuit,"Terrified, Universal Music, Decca","CD, Album",,2009,5261058,Uncategorized,2025-10-05 11:56:01,,,
TOSVinyl130,Ren Gill,Sick Boi (Deluxe),The Other Songs,"LP, Sil + LP, Cle + LP, S/Sided, Etch, Red + Album",,2025,35916406,Uncategorized,2026-02-10 06:42:33,,,
842 011-1,Wet Wet Wet,Holding Back The River,"The Precious Organisation, Phonogram","LP, Album",,1989,1320155,Uncategorized,2025-09-11 11:37:21,,,
842 011-2,Wet Wet Wet,Holding Back The River,"The Precious Organisation, Phonogram","CD, Album, RP",,0,19458646,Uncategorized,2026-04-02 08:19:48,,,
"JWWWL 2, 836 603-1",Wet Wet Wet,The Memphis Sessions,"The Precious Organisation, The Precious Organisation","LP, Album",,1988,1799538,Uncategorized,2024-06-22 23:28:48,,,
TRAIN 1,Elton John,A Single Man,The Rocket Record Company,"LP, Album, Gat",,1978,784558,Uncategorized,2026-04-02 09:01:59,,,
FL 89992,The Gap Band,Gap Band 8,Total Experience Records,"LP, Album",,1987,1512223,Uncategorized,2025-12-02 12:03:12,,,
TOWLP 7,Shirley Bassey with London Symphony Orchestra Conducted By Carl Davis (5),I Am What I Am,Towerbell Records,"LP, Album",,1984,3560162,Uncategorized,2025-12-04 11:31:55,,,
2407 004,The Who / Jimi Hendrix,Backtrack 4,Track Record,"LP, Comp, Mono",,1970,2648042,Uncategorized,2026-07-17 12:50:18,,,
"DRKLP 1, 834 732-1",Derek B,Bullet From A Gun,"Tuff Audio, Tuff Audio","LP, Album",,1988,478352,Uncategorized,2024-06-23 00:31:16,,,
3840718,Bob Marley & Chineke! Orchestra,Bob Marley & The Chineke! Orchestra,"Tuff Gong, Island Records","LP, Album, Ltd",,2022,23966519,Uncategorized,2025-10-22 12:35:11,,,
"9873430, 06024-9873430-8",Jamie Cullum,Catching Tales,"UCJ, Candid, Universal","CD, Album",,2005,1774089,Uncategorized,2026-02-10 04:26:16,,,
9868729,Jamie Cullum,Twentysomething,"UCJ, Universal, Candid","CD, Album, S/Edition",,2004,12379659,Uncategorized,2024-06-26 00:53:05,,,
5713311,Pete Tong With The Heritage Orchestra Conducted By Jules Buckley,Classic House,UMC,"CD, Album",,0,16619697,Uncategorized,2026-02-10 04:09:54,,,
UAS 5172,Ennio Morricone,"The Good, The Bad  And The Ugly - Original Motion Picture Soundtrack",United Artists Records,"LP, Album, M/Print, RP",,1968,1388893,Uncategorized,2024-06-23 00:16:13,,,
9866211,Jamie Cullum,These Are The Days / Frontin',"Universal Classics & Jazz, UCJ, Candid","CD, Single, Enh",,2004,1321241,Uncategorized,2024-06-26 00:52:46,,,
7594846,Pete Tong,Ibiza Classics – 10th Anniversary Collection,Universal Music,"LP, Yel + LP, Ora + Comp, S/Edition",,2025,34062103,Uncategorized,2025-06-15 07:35:50,,,
00602527399386,Crowded House,Intriguer,Universal Music Group International,"CD, Album",,2010,3034156,Uncategorized,2026-04-16 02:06:09,,,
4578924,Mick Flannery,White Lies,Universal Music Ireland,"LP, Album, Ltd, RE, Whi",,2022,25466521,Uncategorized,2025-11-04 02:28:52,,,
066 502-2,Stevie Wonder,The Definitive Collection,Universal Music TV,"2xCD, Comp",,0,27490173,Uncategorized,2024-06-26 00:21:15,,,
5322372,Various,Totally Chick Flicks,Universal Music TV,"2xCD, Comp",,2009,17583145,Uncategorized,2026-02-10 04:49:43,,,
981 095-4,Various,Motown Classics,Universal Music TV,"3xCD, Comp",,2003,3489854,Uncategorized,2026-04-16 02:07:57,,,
"CDNNNOW2, 5099940901527",Various,Now That's What I Call Disco,"Universal Music TV, Sony Music, Universal Music TV, Sony Music","3xCD, Comp",,2013,10597908,Uncategorized,2024-06-26 00:20:08,,,
5351948,Various,The Suggs Selection ,"Universal Music TV, Warner Music TV","3xCD, Comp",,2014,5963994,Uncategorized,2026-04-16 02:07:39,,,
9873431,Jamie Cullum,Catching Tales,"Universal, UCJ, Candid","2xLP, Album",,2005,844511,Uncategorized,2024-09-26 06:25:14,,,
UPFT 901,Various,Upfront 1 - 15 Upfront Floor Fillers,Upfront (2),"2xLP, Comp",,1990,538111,Uncategorized,2024-08-06 05:54:44,,,
9818019,The Supremes,The No. 1's,UTV Records,"CD, Comp",,2004,1930819,Uncategorized,2026-05-05 09:46:37,,,
VVR1018292,Stereophonics,Just Enough Education To Perform,V2,"CD, Album, RE",,0,15247580,Uncategorized,2025-10-05 12:07:49,,,
VVR1021812,Elbow,Cast Of Thousands,V2,"CD, Album, RE, RP, Arv",,0,9778784,Uncategorized,2025-10-08 05:02:33,,,
"VVR1000432, 707.0043.2.",Stereophonics,Word Gets Around,"V2, V2","CD, Album, RP",,0,547414,Uncategorized,2025-10-05 12:07:26,,,
"VVR1004492, 707.0449.2",Stereophonics,Performance And Cocktails,"V2, V2","CD, Album",,1999,10873796,Uncategorized,2025-10-05 12:08:12,,,
"VVR1031052, 707.3105.2",Stereophonics,Language. Sex. Violence. Other?,"V2, V2","CD, Album",,2005,27362649,Uncategorized,2025-10-05 12:06:59,,,
6302 057,Status Quo,Just Supposin'...,Vertigo,"LP, Album",,1980,7146185,Uncategorized,2026-01-06 07:01:54,,,
6359 109,Dire Straits,Love Over Gold,Vertigo,"LP, Album",,1982,1024257,Uncategorized,2025-09-23 02:25:23,,,
6360 170,Dire Straits,Communiqué,Vertigo,"LP, Album",,1979,4034707,Uncategorized,2026-04-02 08:09:43,,,
9102 021,Dire Straits,Dire Straits,Vertigo,"LP, Album",,1978,1308001,Uncategorized,2025-09-23 02:24:52,,,
ARHSLP033,Dire Straits,Making Movies,Vertigo,"LP, Album, Ltd, RE, RM, Hal",,2024,32034593,Uncategorized,2026-04-21 12:08:28,,,
ARHSLP033,Dire Straits,Making Movies,Vertigo,"LP, Album, Ltd, RE, RM, Hal",,2024,32034593,Uncategorized,2026-06-03 01:59:44,Mint (M),Mint (M),Sealed 
PROTV 15,Various,Hot City Nights,Vertigo,"LP, Comp",,1988,1438530,Uncategorized,2025-10-05 08:34:51,,,
VERH 25,Dire Straits,Brothers In Arms,Vertigo,"LP, Album, RE",,0,13000313,Uncategorized,2025-09-23 02:24:19,,,
"VERH 64, 836 419-1",Dire Straits,Money For Nothing,"Vertigo, Vertigo","LP, Comp, EMI",,1988,13145197,Uncategorized,2025-10-08 05:07:09,,,
0602547018618,Diana Krall,Wallflower,Verve Records,"CD, Album, Dlx",,2015,6602417,Uncategorized,2026-02-10 04:48:14,,,
B0002534-36,Jamie Cullum,Twentysomething,"Verve Records, Candid","SACD, Hybrid, Multichannel, Album",,2004,2774540,Uncategorized,2024-06-26 00:45:32,,,
B0002534-36,Jamie Cullum,Twentysomething,"Verve Records, Candid","SACD, Hybrid, Multichannel, Album",,2004,2774540,Uncategorized,2024-06-26 00:45:50,,,
369994 2,Enigma,A Posteriori,Virgin,"CD, Album",,2016,9020971,Uncategorized,2026-03-26 12:20:28,,,
369994 2,Enigma,A Posteriori,Virgin,"CD, Album, RE",,0,20587945,Uncategorized,2026-04-02 08:17:28,,,
OVED 6,The League Unlimited Orchestra,Love And Dancing,Virgin,"LP, Album",,1982,6860460,Uncategorized,2025-12-02 11:18:10,,,
SMDLX 1,Simple Minds,Live In The City Of Light,Virgin,"2xLP, Album, Gat",,1987,1592637,Uncategorized,2024-06-23 12:42:18,,,
V 2086,Sex Pistols,Never Mind The Bollocks Here's The Sex Pistols,Virgin,"LP, Album",,1977,429208,Uncategorized,2024-06-23 00:53:56,,,
V 2301,Loose Ends,A Little Spice,Virgin,"LP, Album",,1984,816970,Uncategorized,2026-05-24 06:29:41,,,
V 2345,Phil Collins,No Jacket Required,Virgin,"LP, Album, Ora",,1985,4673198,Uncategorized,2025-12-03 12:31:15,,,
V 2350,Scritti Politti,Cupid & Psyche 85,Virgin,"LP, Album",,1985,481976,Uncategorized,2025-12-02 12:57:17,,,
V 2384,Loose Ends,Zagora,Virgin,"LP, Album, Gat",,1986,817976,Uncategorized,2025-12-02 11:44:30,,,
V 2515,Scritti Politti,Provision,Virgin,"LP, Album",,1988,115902,Uncategorized,2025-12-03 12:25:17,,,
V2185,Phil Collins,Face Value,Virgin,"LP, Album, Gat",,1981,667279,Uncategorized,2025-12-02 12:39:49,,,
V2192,The Human League,Dare,Virgin,"LP, Album, CBS",,1981,27729,Uncategorized,2026-03-27 13:50:23,,,
V2340,Loose Ends,So Where Are You?,Virgin,"LP, Album",,1985,819082,Uncategorized,2025-12-02 12:18:55,,,
V2391,The Human League,Crash,Virgin,"LP, Album",,1986,97138,Uncategorized,2025-12-03 12:11:36,,,
4759181,Maverick Sabre,Innerstanding,Virgin EMI Records,"CD, Album, Dlx",,2015,7680778,Uncategorized,2024-06-26 00:50:43,,,
V 3220,Gorgon City,Escape,"Virgin EMI Records, REALM Records (5)","2xLP, Album",,2018,12371327,Uncategorized,2026-03-23 13:49:54,,,
"CDNOW41, 7243 4 98413 2 1",Various,Now That's What I Call Music! 41,"Virgin EMI, Polygram, EMI, Box Music (3)","2xCD, Comp",,1998,14347852,Uncategorized,2026-04-16 09:37:49,,,
"VTDCD71, 7243 8 41173 20",Various,The Best Party ...Ever!,"Virgin, Box Music (3), Virgin","2xCD, Comp",,1995,30174521,Uncategorized,2026-04-16 09:38:06,,,
"VTDCD 544, 7243 5 91525 2 3",Various,School Reunion - The 80's,"Virgin, EMI, Box Music (3), Upside Productions Ltd","3xCD, Comp",,2003,6171274,Uncategorized,2024-06-26 00:22:49,,,
"262 029, CDVIR 10",Enigma,"MCMXC a.D. ""The Limited Edition""","Virgin, Virgin","CD, Album, Ltd",,1991,7025459,Uncategorized,2026-02-10 04:47:37,,,
"7243 8 42483 2 1, CDV 2804",Roy Orbison,The Very Best Of Roy Orbison,"Virgin, Virgin","CD, Comp",,1996,14930943,Uncategorized,2024-06-26 00:17:34,,,
"CDV 2185, 0777 7 86325 2 8",Phil Collins,Face Value,"Virgin, Virgin","CD, Album, RE",,0,6835709,Uncategorized,2026-02-10 04:06:46,,,
"CDV3016, 0094635072426",The Kooks,Inside In / Inside Out,"Virgin, Virgin","CD, Album",,2006,11211015,Uncategorized,2026-04-16 09:37:09,,,
"CDVIP234, 7243 8 48088 2 2",Culture Club,The Best Of Culture Club,"Virgin, Virgin","CD, Comp",,1999,2363868,Uncategorized,2025-10-08 05:04:03,,,
"CDVX 3017, 0094635570526",Massive Attack,Collected,"Virgin, Virgin","CD, Comp, RM, Dig + Hybrid, DualDisc, Comp, PAL",,2006,654402,Uncategorized,2025-10-05 12:13:17,,,
"HLTV 1, 209 375 - 630",The Human League,Greatest Hits,"Virgin, Virgin","LP, Comp",,1988,15327518,Uncategorized,2025-12-02 12:21:49,,,
"V 2496, V2496",Belinda Carlisle,Heaven On Earth,"Virgin, Virgin","LP, Album, Red",,1987,27598152,Uncategorized,2026-04-16 12:10:45,,,
"V2475, V 2475",Johnny Hates Jazz,Turn Back The Clock,"Virgin, Virgin","LP, Album",,1988,9464549,Uncategorized,2025-12-02 13:01:33,,,
"VTDCD 35, 7243 8 39907 2 6",Various,The Best Rock Album In The World... Ever,"Virgin, Virgin","2xCD, Comp, EMI",,1994,2286559,Uncategorized,2026-04-16 09:38:40,,,
"7243 8 48741 2 4, CDVX2920",George Michael,Songs From The Last Century,"Virgin, Virgin, Aegean, Aegean","CD, Album",,1999,1881138,Uncategorized,2024-06-26 00:38:46,,,
"VTDCD 17, 0777 7 88307 2 6, VTDCD17",Various,The Best Dance Album In The World...Ever!,"Virgin, Virgin, Box Music (3)","2xCD, Comp",,1993,14045693,Uncategorized,2026-02-10 04:47:53,,,
"7243 8 39236 2 5, CDVIR 20, 8 39236 2",Enigma,The Cross Of Changes,"Virgin, Virgin, Virgin","CD, Album, EMI",,1993,2768932,Uncategorized,2026-03-16 06:35:46,,,
"724384094928, 7243 8409492 8, 840949 2",Various,Rock Super Stars Vol.2,"Virgin, Virgin, Virgin","CD, Comp, S/Edition",,1995,11819723,Uncategorized,2026-04-16 09:45:59,,,
"CDVIR 10, 0777 7 86423 2 9, CD 262 029",Enigma,"MCMXC a.D. ""The Limited Edition""","Virgin, Virgin, Virgin","CD, Album, Ltd, RP",,0,15914515,Uncategorized,2025-10-08 05:03:01,,,
"V2544, V 2544",Various,Buster - Original Motion Picture Soundtrack,"Virgin, Virgin, Virgin Movie Music","LP, Comp",,1988,1415450,Uncategorized,2024-06-23 00:30:25,,,
"7243 5 43943 2 4, 0724354394324, 07243 5 43943 2 4",Blue (5),One Love,"Virgin, Virgin, Virgin, Innocent","CD, Album",,2002,633072,Uncategorized,2026-04-16 09:41:15,,,
"0946 3 51028 2 6, 351 0282","Julie Andrews, Dick Van Dyke (2)",Walt Disney's Mary Poppins,"Walt Disney Records, Walt Disney Records","CD, Album, RE, RM",,0,8379348,Uncategorized,2024-06-26 00:19:43,,,
"R2 75830, 8122-75830-2",Faces (3),The Best Of Faces: Good Boys... When They're Asleep...,"Warner Archives, Rhino Records (2)","CD, Comp, RM, Sli",,2009,8386538,Uncategorized,2026-04-16 02:08:09,,,
081227923648,Fleetwood Mac,50 Years - Don't Stop,Warner Bros. Records,"3xCD, Comp, RM",,2018,12924028,Uncategorized,2025-10-22 12:37:59,,,
36.127,Rose Royce,Rainbow Connection IV,Warner Bros. Records,"LP, Album",,1979,2803417,Uncategorized,2025-12-02 12:05:38,,,
7599-26773-2,a-ha,Headlines And Deadlines - The Hits Of A-Ha,Warner Bros. Records,"CD, Comp, RE",,0,12916434,Uncategorized,2026-04-16 02:06:51,,,
92-3744-1,George Benson,In Your Eyes,Warner Bros. Records,"LP, Album",,1983,1038533,Uncategorized,2025-12-03 11:59:25,,,
92-3877-1,Rod Stewart,Body Wishes,Warner Bros. Records,"LP, Album",,1983,14658317,Uncategorized,2026-01-06 06:55:04,,,
920 469-0,Jocelyn Brown,Ego Maniac,Warner Bros. Records,"12"", Maxi",,1987,1254873,Uncategorized,2025-12-02 12:21:00,,,
925 095-1,Rod Stewart,Camouflage,Warner Bros. Records,"LP, Album, 'E'",,1984,17222332,Uncategorized,2026-01-06 06:52:18,,,
925 162-1,Chaka Khan,I Feel For You,Warner Bros. Records,"LP, Album",,1984,15627003,Uncategorized,2025-06-15 07:36:23,,,
925 178-1,George Benson,20/20,Warner Bros. Records,"LP, Album, RSA",,1985,33937497,Uncategorized,2025-12-03 12:14:37,,,
925 479-1,David Sanborn,A Change Of Heart,Warner Bros. Records,"LP, Album",,1987,1319648,Uncategorized,2025-12-02 11:45:17,,,
925 560-1,Atlantic Starr,All In The Name Of Love,Warner Bros. Records,"LP, Album",,1987,1489767,Uncategorized,2025-10-08 05:11:06,,,
925 637-2,Karyn White,Karyn White,Warner Bros. Records,"CD, Album",,1988,1346855,Uncategorized,2024-06-26 00:53:31,,,
925 846-1,John Williams (4),The Accidental Tourist (Original Motion Picture Soundtrack),Warner Bros. Records,"LP, Album",,1989,5788081,Uncategorized,2024-06-22 22:52:21,,,
9362-45289-2,Rod Stewart With Special Guest Ron Wood,Unplugged ...And Seated,Warner Bros. Records,"CD, Album",,1993,1601229,Uncategorized,2025-10-05 12:03:29,,,
9362-46467-2,Rod Stewart,If We Fall In Love Tonight,Warner Bros. Records,"CD, Comp",,1996,6518221,Uncategorized,2025-10-05 12:02:38,,,
9362-46792-2,Rod Stewart,When We Were The New Boys,Warner Bros. Records,"CD, Album",,1998,1468552,Uncategorized,2025-10-22 12:02:57,,,
9362-49460-2,Madonna,Confessions On A Dance Floor,Warner Bros. Records,"CD, Album, Mixed",,2005,555652,Uncategorized,2025-10-22 12:02:02,,,
9362-49460-2,Madonna,Confessions On A Dance Floor,Warner Bros. Records,"CD, Album, Mixed, Cin",,2005,5283161,Uncategorized,2026-02-10 04:34:55,,,
BSK 3303,Sly & The Family Stone,Back On The Right Track,Warner Bros. Records,"LP, Album",,1979,561308,Uncategorized,2025-09-23 02:03:46,,,
HS 3485,Rod Stewart,Foolish Behaviour,Warner Bros. Records,"LP, Album",,1980,15980600,Uncategorized,2026-01-06 06:52:57,,,
K 56547,Ashford & Simpson,Is It Still Good To Ya,Warner Bros. Records,"LP, Album",,1978,1982309,Uncategorized,2025-12-02 12:02:11,,,
"WEA 99 107, RFC 3438",Change,The Glow Of Love,"Warner Bros. Records, RFC Records","LP, Album",,1980,201649,Uncategorized,2026-03-27 13:31:33,,,
2U 4739,Various,All This And World War II,"Warner Bros. Records, Riva (2)","2xLP, Comp, Sou",,1976,26445650,Uncategorized,2024-06-22 23:20:13,,,
"1-25327, 9 25327-1",Zapp,The New Zapp IV U,"Warner Bros. Records, Warner Bros. Records","LP, Album, SRC",,1985,7147620,Uncategorized,2025-12-02 12:09:10,,,
"252 953-1, WX 130",Donna Summer,All Systems Go,"Warner Bros. Records, Warner Bros. Records","LP, Album",,1987,875228,Uncategorized,2025-12-03 12:24:17,,,
"7599-25838-2, 925 838-2",Fleetwood Mac,Greatest Hits,"Warner Bros. Records, Warner Bros. Records","CD, Comp",,1988,3539212,Uncategorized,2026-02-10 04:53:41,,,
"7599-26034-2, 926 034-2",Rod Stewart,The Best Of Rod Stewart,"Warner Bros. Records, Warner Bros. Records","CD, Comp, RE",,0,4513039,Uncategorized,2024-06-26 00:42:11,,,
"925 475-1, WX 55",George Benson,While The City Sleeps...,"Warner Bros. Records, Warner Bros. Records","LP, Album",,1986,1097643,Uncategorized,2025-12-02 11:54:43,,,
"925 541-1, WX 83",Bee Gees,E·S·P,"Warner Bros. Records, Warner Bros. Records","LP, Album, DMM",,1987,17006166,Uncategorized,2025-12-02 13:03:45,,,
"925 580-1, WX 91",George Benson / Earl Klugh,Collaboration,"Warner Bros. Records, Warner Bros. Records","LP, Album",,1987,934785,Uncategorized,2025-12-02 11:45:03,,,
"925 705-1, WX 160",George Benson,Twice The Love,"Warner Bros. Records, Warner Bros. Records","LP, Album",,1988,14744515,Uncategorized,2025-12-03 12:28:53,,,
"9362-49824-6, 936249824-6",Seal,Soul,"Warner Bros. Records, Warner Bros. Records","CD, Album",,2008,1805057,Uncategorized,2026-04-02 08:21:08,,,
"K46227, K 46227",Alan Price,O Lucky Man! (Original Soundtrack),"Warner Bros. Records, Warner Bros. Records","LP, Album, Gat",,1973,2299721,Uncategorized,2025-09-23 01:29:29,,,
"WB K 57 018, 23703-1",Michael McDonald,If That's What It Takes,"Warner Bros. Records, Warner Bros. Records","LP, Album",,1982,1829744,Uncategorized,2025-12-02 12:11:49,,,
"WX 118, 925 576-1",Sherrick,Sherrick,"Warner Bros. Records, Warner Bros. Records","LP, Album",,1987,673730,Uncategorized,2025-12-03 12:18:46,,,
"WX 152, 925 684-1",Rod Stewart,Out Of Order,"Warner Bros. Records, Warner Bros. Records","LP, Album",,1988,13296860,Uncategorized,2026-03-23 01:33:25,,,
"WX 235, 925 637-1",Karyn White,Karyn White,"Warner Bros. Records, Warner Bros. Records","LP, Album",,1988,956482,Uncategorized,2026-01-06 06:24:45,,,
"W9865TG, 7599-21520-0, W9865T",Jungle Brothers,"What ""U"" Waitin' ""4""?","Warner Bros. Records, Warner Bros. Records, Eternal","12"", Single, Ltd, Gat",,1990,1431632,Uncategorized,2025-09-23 02:18:50,,,
"K 56823, K56823",George Benson,Give Me The Night,"Warner Bros. Records, Warner Bros. Records, Qwest Records, Qwest Records","LP, Album",,1980,4954046,Uncategorized,2025-12-03 11:58:46,,,
"255 976-1, WX 219, 2 55976-1",Donna Summer,Another Place And Time,"Warner Bros. Records, Warner Bros. Records, Warner Bros. Records","LP, Album, Als",,1989,29662258,Uncategorized,2025-12-02 12:22:14,,,
"925 446-1, WX 53, WX53",Rod Stewart,Every Beat Of My Heart,"Warner Bros. Records, Warner Bros. Records, Warner Bros. Records","LP, Album, RSA",,1986,7129414,Uncategorized,2026-01-06 06:53:25,,,
"K 56151, K. 56151, K56151",Rod Stewart,Atlantic Crossing,"Warner Bros. Records, Warner Bros. Records, Warner Bros. Records","LP, Album",,1975,864428,Uncategorized,2025-12-04 11:33:54,,,
"WX 67, 241 049-1, WX67",Michael McDonald,Sweet Freedom (The Best Of Michael McDonald),"Warner Bros. Records, Warner Bros. Records, Warner Bros. Records","LP, Comp, RM",,1986,1449650,Uncategorized,2025-12-03 12:13:13,,,
8122-73581-2,Rod Stewart,The Story So Far: The Very Best Of Rod Stewart,"Warner Bros. Records, Warner Strategic Marketing, Stiefel Entertainment","2xCD, Comp, RE, RM",,0,21084634,Uncategorized,2024-06-26 00:40:57,,,
081227890379,Rod Stewart,Ultimate Hits,Warner Records,"2xLP, Comp, Ltd, Num, Pic, Zoe",,2025,34439566,Uncategorized,2025-07-31 12:16:16,,,
081227890379,Rod Stewart,Ultimate Hits,Warner Records,"2xLP, Comp, Ltd, Num, Pic, Zoe",,2025,34439566,Uncategorized,2026-03-27 16:02:40,Mint (M),Mint (M),
5054197801686,Rod Stewart With Jools Holland,Swing Fever,Warner Records,"CD, Album",,2024,29866063,Uncategorized,2026-02-10 04:12:29,,,
WSMCD043,Various,The Greatest 80's Soul Weekender,Warner Strategic Marketing United Kingdom,"2xCD, Comp",,2001,12238024,Uncategorized,2026-07-05 01:55:34,,,
WW 5061,Various,The Bitch (20 Smash Disco Hits Including The Original Soundtrack),Warwick Records,"LP, Comp, Gat",,1979,1117763,Uncategorized,2026-04-04 07:52:15,,,
240 632-4,Howard Jones,Dream Into Action,WEA,"Cass, Album, Bar",,1985,12543167,Uncategorized,2025-12-03 12:35:32,,,
244689-1,Simply Red,A New Flame,WEA,"LP, Album",,1989,1919703,Uncategorized,2024-06-23 00:29:55,,,
40 794 0,Howard Jones,Human's Lib,WEA,"LP, Album, Club",,1984,6924181,Uncategorized,2026-03-27 13:57:14,,,
K 58062,Various,The Best Disco Album In The World,WEA,"LP, Comp",,1979,684432,Uncategorized,2024-06-22 22:56:52,,,
K 99076,Fern Kinney,Groove Me,WEA,"LP, Album",,1979,2185049,Uncategorized,2025-09-23 02:22:47,,,
"242 071-2, 242071-2",Simply Red,Men And Women,"WEA, Elektra","CD, Album",,1987,1782928,Uncategorized,2025-10-05 12:04:06,,,
"240 472-1, WX7",Matt Bianco,Whose Side Are You On,"WEA, WEA","LP, Album",,1984,14322225,Uncategorized,2025-12-03 12:16:33,,,
"241 438-1, WX 202",Various,Moonlighting,"WEA, WEA","LP, Comp",,1988,845870,Uncategorized,2025-12-02 12:22:30,,,
"243 841-1, WX 200",Chris Rea,New Light Through Old Windows (The Best Of Chris Rea),"WEA, WEA","LP, Comp",,1988,654607,Uncategorized,2025-07-31 12:19:24,,,
"25-0070-1, U 0070",Al Jarreau,Jarreau,"WEA, WEA","LP, Album",,1983,5691725,Uncategorized,2025-12-03 12:32:46,,,
"256 004-1, WX 203",Mike & The Mechanics,Living Years,"WEA, WEA","LP, Album",,1988,14700203,Uncategorized,2025-12-02 13:05:46,,,
"WX1, 240335-1",Howard Jones,Human's Lib,"WEA, WEA","LP, Album, Bla",,1984,623254,Uncategorized,2025-12-03 12:18:09,,,
"WX14, 240 543-1",Howard Jones,"The 12"" Album","WEA, WEA","LP, Album",,1984,97142,Uncategorized,2025-12-02 12:47:52,,,
WEIRD011LP,Peaking Lights,Lucifer,Weird World (2),"LP, Album, Ltd, Blu",,2012,3670639,Uncategorized,2025-09-23 01:44:17,,,
"RRTV1, RRTV 1, WS 5038",Rose Royce,Greatest Hits,"Whitfield Records, Whitfield Records, Whitfield Records","LP, Comp",,1980,457747,Uncategorized,2026-05-05 04:23:12,,,
"WBRCD 1, 7 86228 2, 0777 7 86228 2 6",Massive Attack,Blue Lines,"Wild Bunch Records, Circa, Circa","CD, Album, RE, RP",,0,11412279,Uncategorized,2026-03-26 12:19:40,,,
"WBRCD 1, 261 316",Massive Attack,Blue Lines,"Wild Bunch Records, Wild Bunch Records","CD, Album",,1991,1188993,Uncategorized,2026-04-02 08:18:24,,,
CDWILD42,Craig David,Slicker Than Your Average,Wildstar Records,"CD, Album, Ltd",,2002,560909,Uncategorized,2026-04-02 08:20:24,,,
0107402WST,Craig David,Born To Do It,"Wildstar Records, Edel","CD, Album",,2000,176354,Uncategorized,2026-05-05 09:48:32,,,
"843 522-1, 422 843 522-1",Vanessa Williams,The Comfort Zone,"Wing Records, Mercury, Wing Records, Mercury","LP, Album",,1991,2269833,Uncategorized,2025-12-02 13:02:11,,,
WVMM037LP,Madness,Hit Parade,WVMM,"LP, Comp",,2025,35788483,Uncategorized,2026-07-03 07:29:38,,,
XL927LP,Jungle (12),For Ever,XL Recordings,"LP, Album",,2018,12523683,Uncategorized,2025-09-23 02:14:04,,,
XLCD 520,Adele (3),21,XL Recordings,"CD, Album, LLC",,2011,7907524,Uncategorized,2024-06-26 00:28:37,,,
XLLP647,Jungle (12),Jungle,XL Recordings,"LP, Album",,2014,5877431,Uncategorized,2025-09-23 02:15:22,,,
12PZTPSO1,The Art Of Noise,Edited,ZTT,"12"", Single, Pic",,1985,201838,Uncategorized,2024-06-22 23:27:37,,,
